customer_tweet_id,customer_message,author_id,created_at,brand_response,intent,auto_handle,escalate_reason
523825,@241073 @AppleSupport I have that problem too. Please help,249088,Sat Dec 02 07:11:16 +0000 2017,@249088 We're happy to help! Please check out the following article: https://t.co/osZOKKTalm If you need to update the iOS be sure to create a backup before beginning. DM us if you have additional questions. https://t.co/GDrqU22YpT,,,
2002212,@applesupport. hi. word on the street is i can inquire about my phone's battery life here. seems to be dying ...,592044,Fri Nov 03 17:32:50 +0000 2017,@592044 We can help. Follow these steps and DM us what iPhone and version of iOS you are using if issues persist: https://t.co/bivpdfBNJ6 https://t.co/GDrqU22YpT,,,
1134140,@AppleSupport i can't reset my password for my apple id please help,387234,Tue Oct 24 04:50:00 +0000 2017,@387234 We'd like to help. Have you tried resetting the Apple ID through our website? Check out this article: https://t.co/ZTde7mzxXQ,,,
669244,@AppleSupport why when i turn my WiFi off does it suddenly come back on?? Fix this.,279599,Thu Nov 30 19:49:40 +0000 2017,@279599 We'd love to help. Which device are you experiencing this issue on? Which version of software is being used on that device?,,,
2743029,@AppleSupport No. She doesn’t have a twitter account and she’s in her mid-80s. Easier via me. What’s the issue do you think?,765475,Mon Nov 20 18:40:55 +0000 2017,@765475 Let's continue over DM. https://t.co/GDrqU22YpT,,,
1375800,"@AppleSupport Yep,  it was there. I fix it by restoring from a backup and running update again.",440258,Tue Oct 17 19:55:10 +0000 2017,@440258 Thank you for the update. We're glad to hear it's working properly now.  Contact us again if you need further assistance.,,,
966331,Is anyone have a problem updating to #iOS 11.0.3 🤔 @349334 @AppleSupport https://t.co/JgJwCx8mQp,349333,Sat Oct 21 21:58:40 +0000 2017,@349333 This article on over-the-air updates may help: https://t.co/Ui1yTnOCUz,,,
2122589,@AppleSupport fix the auto correct bugs and the I️ bug. You know what I’m talking about!,625313,Wed Nov 08 09:49:57 +0000 2017,@625313 Here’s what you can do to work around the issue until it’s fixed in a future software update: https://t.co/xXaXeeSRt9,,,
932778,@115858 this iOS 11 update has trashed my brand new iphone. This is ridiculous.,341263,Tue Oct 10 23:29:21 +0000 2017,@341263 We'd like to work with you. What seems to be going on with your iPhone?,,,
2301986,lm using lowercase L’s as l’s until @AppleSupport fixes this question mark shit😑,668062,Sun Nov 12 14:53:42 +0000 2017,"@668062 iOS 11.1.1 was recently released and it includes a fix for autocorrect issues. Be sure to back up your device prior to updating, and let us know if the issue persists afterwards. How to back up: https://t.co/4f8hwT5to6",,,
1598120,"This @AppleSupport update blows. And for what we pay for these phones, they should do that too.",180336,Sun Nov 05 02:29:37 +0000 2017,@180336 It's important to be able to enjoy your phone. Send us a DM and we can look into this for you. https://t.co/GDrqU22YpT,,,
1981773,Man what the fuck is this I️ @115858,586607,Thu Nov 02 16:02:34 +0000 2017,@586607 Thanks for reaching out to us for support. We would love to help you. Please DM us so that we can look into this together. https://t.co/GDrqU22YpT,,,
364721,@AppleSupport Thats wat i do but that works not always good...,202412,Sun Oct 08 17:47:45 +0000 2017,@202412 What kind of data is missing from your Watch backup? Send us a DM to let us know. https://t.co/GDrqU22YpT,,,
1921538,"@AppleSupport I’m part of the Apple upgrade program. If I can’t pre order this time, I’ll be able to the next wave correct?",135307,Fri Oct 27 00:56:44 +0000 2017,@135307 We'd like to guide you in the right direction. DM us the country or region you're located in and we'll go from there. https://t.co/GDrqU22YpT,,,
961710,@AppleSupport Is this true or false? https://t.co/DqF9O88IX7,610268,Thu Oct 19 01:01:34 +0000 2017,@610268 We'd be happy to help. Check out this link with more information on phishing emails: https://t.co/LNMCdqt6fD,,,
2239373,"Rang @115858 support for help getting my iCloud to fucking work and ended up losing every photo/video I have, fucking good 1 apple, cheers👍🏼",652950,Thu Oct 19 16:35:43 +0000 2017,@652950 We'd like to help. Let's meet in DM to work this out. https://t.co/GDrqU22YpT,,,
1107374,@AppleSupport I’ve sent you a DM.,381358,Tue Oct 24 00:37:24 +0000 2017,"@381358 We’ve received your DM, and we’ll respond from there shortly.",,,
545262,@AppleSupport hi I have an iPhone x that every 30 seconds or so is now re-locking itself. Even if I don’t unlock it to begin with or if I am actively using it. This fault developed in the middle of the night. Is it a known issue and what can be done to resolve? Thank you,175804,Sat Dec 02 09:00:53 +0000 2017,"@175804 Thank you for that information. Did this just start happening? Also, which iOS version is your device on?",,,
1470688,@AppleSupport DO SOMETHING @115858 https://t.co/dIDiJhhclj,461360,Mon Oct 16 20:28:21 +0000 2017,@461360 We'll help out. Let's start with the instructions here to try to resolve that No SIM message. https://t.co/UTP2qBi1Is,,,
2144654,"@AppleSupport Ok, how do I fix “it” changing to I.T.",344743,Thu Nov 09 00:13:23 +0000 2017,@344743 Let's look into this further via DM. Please confirm the version of iOS you're running to get started. https://t.co/GDrqU22YpT,,,
2015961,@115858 can you fix the letter I️ pls https://t.co/e9NP7IYTux,596145,Sun Nov 05 17:18:20 +0000 2017,@596145 Thanks for reaching out. We have a workaround for this here: https://t.co/xXaXeeSRt9 DM us if you still need help. https://t.co/GDrqU22YpT,,,
1005209,So @115858 can make a phone that can read ur fingerprint And they cant make a charger that actually freakin charges?!!!,357919,Sat Oct 14 07:54:51 +0000 2017,@357919 We'd be happy to look into this with you.  Please reach out to us via DM and we'll get started. https://t.co/GDrqU22YpT,,,
2229409,"@115858  what the fuck is wrong with your new ios, i slept with my phone battery percent at 45% and when i woke up it was 6% 😡😡😠",650602,Fri Nov 10 09:48:05 +0000 2017,@650602 We want to help. Reach out via DM using the link below. Let us know what version of iOS 11 you're using. https://t.co/GDrqU22YpT,,,
433077,"Email posing as Apple. 😒

@AppleSupport https://t.co/LFrZOaWQd5",218002,Tue Oct 10 14:45:05 +0000 2017,@218002 Great catch. Thanks for reaching out. Learn how to report phishing emails to Apple here: https://t.co/LNMCdqt6fD,,,
87052,euh par contre c’est une vie ça de mettre à charger son téléphone mais que la batterie continue à diminuer?? @115858 jvous parle là,135055,Thu Nov 30 09:38:17 +0000 2017,@135055 We offer support via Twitter in English. Contact us for help in your preferred language here: https://t.co/IBIY3vMgPj,,,
1659238,@AppleSupport iPhone 7 plus,506235,Tue Oct 17 15:53:50 +0000 2017,@506235 Do you subscribe to Apple Music?,,,
63200,@AppleSupport how can I add Night Mode to the control center in the new iOS?,130498,Wed Nov 01 21:11:38 +0000 2017,@130498 We're here for you. Which version of the iOS are you running? Check by tapping Settings &gt; General &gt; About.,,,
1020299,@AppleSupport why can’t I send MMS pictures since updating to 11.0.3? Very frustrating Online support FAQs don’t offer a real fix #help,361432,Sun Oct 22 21:50:36 +0000 2017,@361432 What happens when you try to send an MMS message? Let us know in a DM. https://t.co/GDrqU22YpT,,,
1502977,@AppleSupport @115858 I've had my iPhone 7 for roughly 2 months and the battery life is already SHOCKING,443505,Fri Nov 03 09:08:44 +0000 2017,"@443505 Let's take a look at your battery together. First, adjust settings to maximize your battery: https://t.co/yg6xBLkjbL",,,
2064323,@AppleSupport when is the next update coming out to fix the damage 11.0.2 is causing?,312748,Sat Oct 07 19:38:38 +0000 2017,@312748 We're here to help with any questions or concerns you have. Please DM us and we can go from there together. https://t.co/GDrqU22YpT,,,
849912,"@AppleSupport bonjour , depuis la maj iOS 11.0.3 mon iPhone6+ fige et le clavier est lent. Solution ? #obsolescence",321945,Fri Oct 20 13:22:29 +0000 2017,@321945 We offer support via Twitter in English. Contact us for help in your preferred language here: https://t.co/IBIY3vMgPj.,,,
991133,@AppleSupport I’m AirPlaying from an iPad Pro 10.5” running iOS 11.0.3 to a 4th gen TV running tvOS 11.,354776,Sun Oct 22 04:48:39 +0000 2017,@354776 We've got a great team of Apple TV specialists who can best assist you. Reach out to them here: https://t.co/IBIY3vMgPj,,,
1588838,@AppleSupport I am still seeing the square with the question mark Inside even after updating to the new iOS,488591,Sat Nov 04 19:46:31 +0000 2017,@488591 We're here for you. Check out this article for help: https://t.co/xU1AGHStV6,,,
1850132,Ummm what @AppleSupport https://t.co/GeHtcf215B,199132,Wed Oct 18 21:23:19 +0000 2017,"@199132 It looks like your email is connecting. Did this update for you? If not, please DM us. We'll meet you there to help. https://t.co/GDrqU22YpT",,,
723995,@AppleSupport WHY won’t Siri speak directions it’s dangerous as I drive and beg her to,293377,Fri Oct 06 14:32:51 +0000 2017,"@293377 We definitely want to look into this. To be sure we’re on the same page, are you using Maps for navigation, or another app?",,,
2051553,I’m so sick of @115858’s deliberate “make old phones start fucking up” after new ones come out. I have the 7+ &amp; has NEVER been buggy til now,606705,Thu Oct 05 20:28:02 +0000 2017,"@606705 That's not the experience we want for you, and we're here to help. To get started, DM us what's going on with your iPhone. https://t.co/GDrqU22YpT",,,
2271648,@AppleSupport 11.1.2,660894,Mon Nov 20 21:10:28 +0000 2017,@660894 Got it. We'd like to start some troubleshooting steps with you. Would you mind please joining us in DM? https://t.co/GDrqU22YpT,,,
1434468,@AppleSupport @115858 massive battery drainage lag while using phone hangs. Problem with ios11 Pl help serious issues with batter drainage,453053,Mon Oct 16 18:27:05 +0000 2017,@453053 Send us a DM and let us know what version of iOS 11 you're running. We'll get started there. https://t.co/GDrqU22YpT,,,
600439,@115858 why my music keep stopping fam the x got to many problems fam,262405,Sun Dec 03 20:25:44 +0000 2017,"@262405 Let's look into this together. To start, can you DM us more information on what's going on, as well as which iOS version you're using with your iPhone X? https://t.co/GDrqU22YpT",,,
620189,@AppleSupport iOS 11.1.1,267196,Wed Nov 22 16:48:07 +0000 2017,@267196 Thanks. Are there specific apps or functions on the iPhone that cause this behavior? Let us know in DM. https://t.co/GDrqU22YpT,,,
1726279,@521943 @115858 RT still fix I️t Apple!!!$,522094,Tue Nov 07 03:11:38 +0000 2017,@522094 Here’s what you can do to work around the issue until it’s fixed in a future software update: https://t.co/xXaXeeSRt9,,,
2558613,Why every time I️ out I️ Issa question mark @AppleSupport,594330,Thu Nov 16 16:13:21 +0000 2017,@594330 Thanks for reaching out.  We know how important it is for your keyboard to respond as expected and we'll do everything we can to assist.  Have you had a chance to update to iOS 11.1.1?,,,
2294661,"Okay, I’ve done all the updates and my phone is still locking itself 😠 @AppleSupport",123687,Sat Nov 11 22:32:59 +0000 2017,@123687 We want to help you out. Send us a DM and we'll help you look into what's going on. https://t.co/GDrqU22YpT,,,
2410213,"how is this possible?
@AppleSupport https://t.co/2Q4iYx62Cs",692972,Tue Nov 14 16:02:51 +0000 2017,@692972 Thanks for reaching out. We can definitely look into this with you. Send us a DM and we'll look into this further. https://t.co/GDrqU22YpT,,,
123066,"@AppleSupport Also I’ll get notifications for old, read texts, and not for newer ones.",143485,Fri Nov 24 00:45:27 +0000 2017,@143485 Wounds like we've got a few things happening. We'll be happy to do all we can to help get this sorted out. Next step would be to update fully to iOS 11.1.2 which I the most current version. This guide will offer assistance if you need is: https://t.co/80YRnjDFDk,,,
34610,"Oh great, iMessage not working after the latest iOS update. 😐 @AppleSupport",123499,Wed Nov 01 09:03:43 +0000 2017,@123499 Thanks for reaching out. DM the specific issue you are seeing with Messages to get started. https://t.co/GDrqU22YpT,,,
1564068,@AppleSupport That one. Annoying as hell.,482975,Sat Nov 04 05:24:41 +0000 2017,@482975 Thanks for reaching out! We hear you. Try these steps and let us know how it goes: https://t.co/xU1AGIa4ME,,,
1643355,@115858 updates are totally messing up my iPhone 7. Not even a year old and it’s acting all wonky. So annoyed. I️ swear they do this on purpose to make you upgrade. #timetogiveupiphone,502262,Sun Nov 05 22:38:47 +0000 2017,"@502262 We hate to hear you're having trouble with your iPhone, but will do all we can to help. Which exact iOS version do you have?",,,
2078924,iASS11 @AppleSupport https://t.co/aVh1FHnlRD,614846,Mon Oct 09 15:59:52 +0000 2017,@614846 We'd love to help you with the keyboard. Have you already restarted your iPhone? Updated to iOS 11.0.2? Let us know in DM. https://t.co/GDrqU22YpT,,,
1143581,"New iOS has pretty much slowed my phone down, made everything clunky &amp; doesn’t work. Good job @AppleSupport @115858 #iOS11 #Apple #AppleNews",389161,Tue Oct 24 05:44:29 +0000 2017,@389161 We'd like to help.  Which specific iPhone and iOS 11 version are you using?,,,
1688537,Wtf is up with this “i” changing to I️ thing ? It’s pissing me off @AppleSupport,512726,Mon Nov 06 17:25:16 +0000 2017,@512726 Here’s what you can do to work around the issue until it’s fixed in a future software update: https://t.co/xXaXeeSRt9,,,
2485827,How do I stop that lil vibrate when I refresh my tl??? @115858 help me,710067,Wed Nov 15 12:43:09 +0000 2017,"@710067 We're glad to help. It sounds like you're describing the haptic feedback vibration. Which device and version of iOS are you using? Would you like to turn off all such feedback system-wide, or only in a specific app?",,,
940959,Why the fuck did my phone just make an alarm beeping sound @AppleSupport,343066,Fri Oct 13 23:14:40 +0000 2017,@343066 Let's work together to investigate. Is this the first time you've heard this? Was it accompanied by a visual notification?,,,
539929,@AppleSupport Plz release ios 11.1.3 asap for solving the “spinning wheel black screen error” that i am facing from yesterday its coming again and again and stopping me to use my iphone i have to change date for temporary stop this problem,245223,Sat Dec 02 05:35:16 +0000 2017,"@245223 We’d like to offer some guidance on this. Let’s follow the steps in this article to resolve this issue, which includes updating to iOS version 11.2: https://t.co/osZOKKTalm

We’d recommend making sure you have a backup before updating your device.",,,
44561,Still no resoultion to my complaint. Poor service. Acknowledgement of your email/submission - Follow-up: 677035208 @116333 @AppleSupport,125886,Wed Nov 01 15:50:04 +0000 2017,"@125886 We would like to hear about your AppleCare support experience.  Please send us a DM, so we can take a look. https://t.co/GDrqU22YpT",,,
564052,@AppleSupport @115858 como faço para ver esse defeito já que paguei caro por um aparelho https://t.co/dqBkrHl77f,252095,Sat Dec 02 23:33:47 +0000 2017,"@252095 Since our Twitter support is available in English, get help at https://t.co/IBIY3vMgPj or join https://t.co/pvaOFfPbjt",,,
566729,"@AppleSupport It’s hard to tell, nothing really reaches that far when I try. I have noticed that if I want to select something I have to start above it and drag my finger down to what I’m trying to press and then it’ll work",252873,Sun Dec 03 02:13:27 +0000 2017,@252873 Thanks for testing. We'd like to confirm some additional information with you. Send us a DM using the link below and we'll continue. https://t.co/GDrqU22YpT,,,
1760189,@AppleSupport You have dm,200272,Wed Nov 08 00:01:56 +0000 2017,@200272 Thank you for sending us a DM. We will respond shortly.,,,
434635,@115858 y'all not slick..... y'all release new phone my phone just randomly buggin? https://t.co/GufqeijYgc,218252,Tue Oct 10 15:19:14 +0000 2017,@218252 We're here for you. Tell us in detail what's happening with your iPhone.,,,
373335,@AppleSupport My messenger app won't load after the upgrade. I have deleted it &amp; downloaded again but still no joy... Any tips? C,204466,Sun Oct 08 23:29:53 +0000 2017,"@204466 What kind of device do you have? DM us, and we'll work together to find a solution. https://t.co/GDrqU22YpT",,,
2042672,"@AppleSupport iOS11 update sucks! Freezing, &amp; clock is stuck home screen",604040,Wed Oct 04 04:56:04 +0000 2017,"@604040 We want to help. Do you experience freezing within all apps? In DM, could you give us a few more details about the clock issue? https://t.co/GDrqU22YpT",,,
1810640,"@115858, This latest iPhone update is trash and it keeps freezing and shutting off my phone. NOBODY HAS TIME FOR THIS",543976,Sat Oct 14 21:36:49 +0000 2017,@543976 We'd like to help. Send us a DM with the device model. We'll take a look into the concerns you have with the updated iOS. https://t.co/GDrqU22YpT,,,
327085,@AppleSupport Thanks!!! Restart did the trick!,193948,Sun Oct 08 19:24:06 +0000 2017,"@193948 Awesome, we're glad to hear that. Please reach out if you need help in the future.",,,
1453017,@AppleSupport See. IIIII couldn’t even say IIIIIIIII updated 😂,457197,Thu Nov 02 16:16:39 +0000 2017,@457197 Hello. We'll be glad to check on this with you. Please meet us in a DM by tapping here: https://t.co/GDrqU22YpT,,,
2314053,Fuck you @115858! I pay a monthly fee for insurance and you guys can’t even send my replacement phone even though I’ve sent mine in days ago!,671026,Thu Oct 19 22:27:49 +0000 2017,@671026 We'd like to look into what's going on. DM us some details to get started. https://t.co/GDrqU22YpT,,,
1905350,"2/2 @AppleSupport 
I’m dying over here &amp; have never wanted to crush my phone so bad.",567767,Wed Oct 25 04:28:38 +0000 2017,@567767 Hi. We'd like to help. Tell us which version of iOS you're running in DM. Find that under Settings &gt; General &gt; About. https://t.co/GDrqU22YpT,,,
1786605,"@AppleSupport iOS 11 is awful, I’d like to use my phone for more than 30min at a time without it either dying or freezing up",536749,Wed Oct 11 15:38:39 +0000 2017,@536749 We want iOS 11 to work seamlessly with your iPhone. Does this happen while using a specific app? DM us with details here: https://t.co/GDrqU22YpT,,,
1589964,"Why am I seeing these little boxes with question marks in them instead of emojis? I’ve already updated my phone.

@AppleSupport",413718,Sat Nov 04 19:49:42 +0000 2017,@413718 We'd like to help. Please take a look at the following article for more information: https://t.co/xXaXeeSRt9,,,
794578,"@AppleSupport there is an issue with iOS11 ,whenever I switch on data on my iPhone 7 the internet just doesn’t work .Only upon restart works",309450,Thu Oct 12 10:00:13 +0000 2017,@309450 Let's take a closer look to see what's going on. Does this only happen while connected to cellular data and not Wi-Fi?,,,
404106,"iOS 11 f**king load of shit, apps don’t download unless I go to passcode and back in again, emails freeze? Calendar freezes @AppleSupport",211649,Mon Oct 09 20:19:39 +0000 2017,@211649 We have released 11.0.2. Make sure you have a backup and then go ahead and get your iPhone updated: https://t.co/80YRnjDFDk,,,
184128,what the hell is wrong with apple music now??! someone enlighten me @AppleSupport 😭 https://t.co/q4MfxN1vll,159326,Sat Oct 14 23:24:45 +0000 2017,@159326 We’ve got you covered. Which versions of iOS are you using (Settings &gt; General &gt; About)? Are you singed into your account?,,,
1750439,"My phone loses its charge SO freaking fast now...haven’t even had it for a year. Wtf. Thanks, iPhone X... @AppleSupport @115858",527516,Tue Nov 07 15:00:30 +0000 2017,@527516 We're happy to assist you. DM us at the link below for further assistance. https://t.co/GDrqU22YpT,,,
2283821,@AppleSupport That actually made my night lol I never get anywhere with support from companies 😊,663698,Sat Nov 11 04:37:03 +0000 2017,@663698 We're happy to have helped! Please feel free to reach out to us anytime. We're always delighted to assist you.,,,
1268366,"@AppleSupport since 11 update texts showing in reverse order, on iOS 11.0.3 now still the same??",416976,Thu Oct 26 09:46:31 +0000 2017,@416976 We've received your DM as well and you can expect a response there shortly.,,,
2069400,"@115858, 
The only update I wanna see is the one that is going to give me a better battery life and not issues w/ hidden photos.
#Seriously",611976,Sun Oct 08 17:25:52 +0000 2017,@611976 Thank you for expressing your concern. Our goal is to help you get your device up and running. Please DM us to get started. https://t.co/GDrqU22YpT,,,
2801475,@AppleSupport 11.1.2,781517,Wed Nov 22 00:55:30 +0000 2017,@781517 Thanks for keeping your device updated to the latest version. Please DM us your current region and we'll go from there.,,,
1967440,Hey @115858 your latest iPhone software update totally sucks. I’d like to be able to download email on my phone again. Please fix this.,583000,Mon Oct 30 23:57:28 +0000 2017,@583000 Hi there! We'd be happy to help you out. What's going on with your mail?,,,
1708543,@AppleSupport look what you guys did,416006,Tue Nov 07 00:01:46 +0000 2017,@416006 Let's take a look at this further for you. Reach out to us in DM. https://t.co/GDrqU22YpT,,,
2775946,@AppleSupport Is a full backup required before downloading the latest iOS?,775661,Tue Nov 21 14:02:44 +0000 2017,@775661 We can assist you. We do recommend creating a back up before updating to the latest version of iOS if you don't already have a recent back up.,,,
2910524,Is any one else having issues with their iPhone or is it just me? 🤦🏻‍♀️ @AppleSupport,805739,Tue Nov 28 20:43:06 +0000 2017,@805739 We're happy to help. What kind of trouble are you currently experiencing?,,,
585971,"@AppleSupport Any app, 15sec in total.",258352,Sun Dec 03 09:22:22 +0000 2017,"@258352 Thank you for reaching out, we're more than happy to assist with this. If you can open Settings &gt; General &gt; About &gt; Version, please let us know what iOS version you have installed currently. This will help us determine the first steps toward resolving this behavior.",,,
1454648,@AppleSupport my phone is still lagging and apps are freezing. Update 11.3 helped but did not solve the issue. #stillloveyouguys,457620,Mon Oct 16 19:33:36 +0000 2017,@457620 We'd love to look into this with you. Send us a DM to get started. https://t.co/GDrqU22YpT,,,
2376106,I got a new phone and my iMessage or FaceTime on my laptop won’t sync to my phone. HELP ☹️ @115858,685363,Tue Nov 14 02:40:15 +0000 2017,@685363 Let's work on resolving this issue together. Congrats on your new iPhone. Did you restore from a backup to set up the device? DM the answer below. https://t.co/GDrqU22YpT,,,
56951,@115858 can you tell me when when I type the letter “I” some damn symbols pop up like I’m out here coding and doing a MySpace edit 🤨,128897,Wed Nov 01 19:29:37 +0000 2017,@128897 We can definitely look into this with you. Which device are you using? DM us and let us know. https://t.co/GDrqU22YpT,,,
2751105,@AppleSupport Up to date with 11.1.2 🙂,770201,Tue Nov 21 00:58:28 +0000 2017,@770201 Thank you. DM us which device you are using. https://t.co/GDrqU22YpT,,,
2519368,"My phone is out of memory and I don't have anything fucking on it. Besides clash of clans, everything else I use the mobile website. @AppleSupport PLEASE HELP ME MY CLAN NEEDS ME.",717636,Thu Nov 16 00:00:18 +0000 2017,@717636 Thanks for reaching out. Let's take a look at the details of your storage usage together. Send us a DM using the link below and we'll continue. https://t.co/GDrqU22YpT,,,
1918305,@AppleSupport I've done everything you've told me to and my phone still won't update  now it keeps freezing and I can't get anything done,409893,Thu Oct 26 06:11:06 +0000 2017,@409893 Thanks for reaching back out. We're here for you. Have you tried updating through iTunes? Let us know in DM. https://t.co/GDrqU22YpT,,,
1686918,@512317 Damnit @AppleSupport help us in a time of need,512316,Mon Nov 06 17:03:11 +0000 2017,@512316 Here’s what you can do to work around the issue until it’s fixed in a future software update: https://t.co/qODbOsp4wz,,,
426945,"@AppleSupport Hi guys im updating a macbook pro retina 13"" late 2013 and I'm stuck since 3-4 hours, What is the best way to proceed?",216551,Tue Sep 26 00:09:35 +0000 2017,@216551 We’re here to address your concerns. Let's team up in Direct Message using the link below. https://t.co/GDrqU22YpT,,,
2446334,@AppleSupport I tried before https://t.co/T3Fixu06W4,701324,Wed Nov 15 01:30:42 +0000 2017,"@701324 That means you have credit or need to cancel your current Apple Music membership you have in another country. If you need further help, reach out to our iTunes Store experts here: https://t.co/SDIe7UiyJN",,,
2210642,@AppleSupport how do I create a timer set up in home control? Let’s say I want a light to turn on at 5pm and turn off at 10pm?,646135,Sun Nov 26 10:05:28 +0000 2017,@646135 Thanks for reaching out. Here is a great article to help you use the Home app on your iOS devices: https://t.co/ept6Vf2rqU,,,
2371266,@684223 @571585 @AppleSupport I have to sign into my cloud every time I wake up my phone or iPad😡,700501,Tue Nov 14 23:34:24 +0000 2017,"@700501 We'd like to see if we can help with this. To get started, send us a DM with more information, and we'll continue from there. https://t.co/GDrqU22YpT",,,
2492362,@116333 @115858 I have a 3 year old MB Pro and IP 6s and both are now useless. You are pushing me out of your products. Think on consumers!,711539,Wed Nov 15 17:38:53 +0000 2017,@711539 We'd like to see if we could help out with any issues you're experiencing with your devices. Could you send us a DM and tell us more about what's going on? We'll go from there. https://t.co/GDrqU22YpT,,,
1231310,@AppleSupport I am looking to buy a few hundred tablets and am interested in the iPad Air 2.  Is this model still in production and available at this quantity?  Thanks.,408811,Wed Oct 25 20:43:32 +0000 2017,"@408811 Let's get you in the right spot. For assistance with purchases, contact our Online Sales Support team here: https://t.co/8yjRd2eYRQ",,,
1202000,@AppleSupport Thanks. I’m just using the standard iPhone music app. Was fine until today. Update may be a coincidence,402416,Wed Oct 25 14:02:53 +0000 2017,@402416 Got it! Is the music you're trying to play from Apple Music or purchased? Let us know in DM so we have more room to work. https://t.co/GDrqU22YpT,,,
1978431,@AppleSupport if I buy an iPhone X now will I get it on release date (03/11/17)?,585795,Tue Oct 31 18:57:23 +0000 2017,@585795 We want to make sure you get the info you need. Let us know what country you're currently in via DM to begin. https://t.co/GDrqU22YpT,,,
1973670,@AppleSupport It says no service and I have to restart my phone to get it back. I restored my device as new but it still does it.,584504,Wed Oct 18 18:39:04 +0000 2017,@584504 We'd be happy to look into this with you further. DM us and we'll go from there. https://t.co/GDrqU22YpT,,,
2006544,"@115858 @AppleSupport So I updated my phone, as requested....Now my phone my is shutting off on its own. THANKS!!! #AppleNews #Apple #Samsung",593365,Sat Nov 04 01:54:04 +0000 2017,"@593365 We can look into this with you. When the iPhone restarts or shuts down, do you see the Apple logo or a spinning gear? DM us here: https://t.co/GDrqU2kzhr",,,
1932245,This new @115858 update is killing my battery. How do I reverse it? Or do I just have to buy a Samsung?,575006,Sat Oct 28 17:58:35 +0000 2017,@575006 We don't like to hear your battery is having trouble. Let's chat over in Direct Message and look into this. https://t.co/GDrqU22YpT,,,
1545194,@AppleSupport is there a way to find out if an Apple Store has the iPhone X and pick it up?,478573,Sat Nov 04 01:44:20 +0000 2017,"@478573 DM us the country you're located in, so that we may provide the best informatoin for your region: https://t.co/GDrqU22YpT",,,
1337297,@AppleSupport Yes the whole phone has become slow since the latest update. Freezing all over the shop!,416825,Fri Nov 03 07:05:35 +0000 2017,"@416825 Thanks.  After backing up, please update to iOS 11.1 and let us know if it helps.",,,
1487483,@AppleSupport then other times it does show up 2/2,140191,Mon Oct 16 21:43:12 +0000 2017,@140191 Let's look into this together to see what's going on. Send us a DM and we'll go from there. https://t.co/GDrqU22YpT,,,
1432410,"I'm facing issues with MacBook Air after installing the latest update. So,I had to revert back using time machine..@115858 help me",452607,Thu Nov 02 05:32:18 +0000 2017,@452607 We are here for you.  What type of issues did you run into?  Were you able to get the Time Machine backup to complete?,,,
1297531,@AppleSupport I tried that already and it does not work. If i turn my phone off it takes at least 2 hours to turn on.,423211,Fri Oct 27 00:15:31 +0000 2017,"@423211 We understand, and we'll continue working with you to resolve this. Please send us a DM to continue. https://t.co/GDrqU2kzhr",,,
2595513,"@AppleSupport Updated it a few hours ago. I hope the battery doesn’t drain out as fast as it is the case since the last few updates.
Thanks though. Will get back to you if any problem is seen.",734924,Fri Nov 17 07:32:11 +0000 2017,@734924 We hope the update has resolved the issues with your iPhone's battery life. Let us know how it's been going.,,,
1091334,@AppleSupport Will do! I appreciate the help,377491,Mon Oct 23 23:43:01 +0000 2017,"@377491 You're very welcome. If anything comes up, we're at your service.",,,
2619923,@AppleSupport I can ask you in English too,336753,Fri Nov 17 16:26:29 +0000 2017,@336753 How can we help you today?,,,
2805960,"Every time I buy an audiobook in iTunes and try to get it downloaded and synced to my iPhone/iBooks, it's a hellish experience. It took a full hour to figure it out once again. Please make this easier!! @115858 @AppleSupport",782594,Wed Nov 22 03:17:09 +0000 2017,@782594 We appreciate any feedback you can give us about iBooks. Let us know about the features you'd like to see implemented or changed using our official feedback form online here: https://t.co/eTPVYVFyd8,,,
1967652,I️ I️ I️ I️ I️ I️ I️ I️ I️ I️ I️ I️ I️ I️ I️ I️ I️ I️ I️ I️ I️ I️ I️ I️ I️ I️ I️ I️ I️ I️ I️ I️. Am tired of this bull shit @AppleSupport,583060,Tue Oct 31 12:10:30 +0000 2017,@583060 We'd be happy to look into this with you more in detail.  Please reach out to us via DM and we'll get started. https://t.co/GDrqU22YpT,,,
2404909,"@AppleSupport @115858 After installing MacOS High Sierra it won’t allow me to access my homepage, it keeps bumping my password. I’ve spoken to Apple support, wiped the memory and now there’s an error message, please advise. Was on the phone for 2 hrs yesterday trying to sort this. https://t.co/xPo3PylRrx",496321,Tue Nov 14 11:15:16 +0000 2017,@496321 Hello. We're here to help. Please send us a DM and we'll assist from there. Thanks. https://t.co/GDrqU22YpT,,,
1869281,"my phone is turned off and start again,photos are deleted and restored, and applications are not working @AppleSupport",558329,Thu Oct 19 20:50:03 +0000 2017,@558329 We would be glad to help with this. Which iOS version is your iPhone using?,,,
356821,Dear @AppleSupport is there any way I can stop the sun news appearing in my trending on the news app? It really is a vile rag. https://t.co/ShTjKHJfMh,200727,Sun Oct 08 08:52:03 +0000 2017,@200727 Customization is definitely possible!  Please see this article for help: https://t.co/yA7l8Bj0hj,,,
2799439,"@AppleSupport Thanks girl! 

Sis @107462 ⬇️",781040,Wed Nov 22 00:14:25 +0000 2017,@781040 We're always happy to help. Feel free to reach back out to us if you still need help.,,,
904713,@AppleSupport What is the procedure to join DM?,334792,Thu Oct 12 04:06:15 +0000 2017,"@334792 Great question! You should see a link below that says ""Send a private message."" https://t.co/GDrqU22YpT",,,
1247319,Has anyone had an issue with an @115858 AirPort Extreme router making a high-pitched squealing noise?  #askingforafriend @AppleSupport,412649,Thu Oct 26 01:08:45 +0000 2017,@412649 Hi there. Please visit us here: https://t.co/0PATYGSGKU for help with your AirPort Extreme. https://t.co/GDrqU22YpT,,,
596916,FIX IT @115858,261505,Sun Dec 03 18:33:07 +0000 2017,"@261505 We'd like to have you back up and update to iOS 11.2. Test it out after that and see if the issue has been resolved and let us know the results. 

Backup and update iOS: https://t.co/ahjigcvFRG https://t.co/GDrqU22YpT",,,
1296837,"@AppleSupport I figured that. If I’m an Apple Music subscriber, is there a way I can purchase a single DRM-free song to use in a Photos slideshow?",423103,Thu Oct 26 22:20:08 +0000 2017,@423103 Using iTunes Plus would make available songs that are DRM- Free. Follow the steps here: https://t.co/bkdNVKOsaw,,,
1980830,@AppleSupport I have received a phishing email claiming to be from you.  Do you have an address to forward it onto?,586356,Wed Oct 18 18:08:45 +0000 2017,"@586356 Yes, you can forward the email here: __email__. Additionally, check here for more info: https://t.co/LNMCdqt6fD",,,
2018182,@517282 @AppleSupport  https://t.co/IqaumeIOkY,596835,Sat Nov 04 17:54:46 +0000 2017,"@596835 We'd be happy to work with you on this. Take a look at this article: https://t.co/xXaXeeSRt9

DM us for more help. https://t.co/GDrqU22YpT",,,
567700,"@AppleSupport I am in the US - what will that look like, a wallet app update or software update?",252901,Sun Dec 03 01:40:34 +0000 2017,@252901 You can read more about it here: https://t.co/DtZT7rYVIs,,,
2555467,"@AppleSupport I only have an iPhone (so no other devices to sign out of), and I was using the phone's settings app it to do it as described in the link you sent",725651,Thu Nov 16 17:23:39 +0000 2017,"@725651 Let's have you make sure you're signed out of the Apple ID on the iPhone, then on a computer go to https://t.co/GCy9eQm7Th . Once there, sign in with the current Apple ID, then edit the email address there. If that doesn't work out, let us know via DM. https://t.co/GDrqU22YpT",,,
1298522,@AppleSupport fix your buggy software. Constantly unusable WiFi sitting in the same room as router and loading wheel keeps spinning.,423472,Thu Oct 26 22:01:08 +0000 2017,@423472 We'll be glad to assist you with this. Are you able to connect to other Wi-Fi networks? Is this a public Wi-Fi network?,,,
1006712,@AppleSupport Lots of goofy things like this happen. did you guys give iOS LSD? It worked for Steve but this is a mess.,194983,Sat Oct 14 16:20:49 +0000 2017,@194983 Let's look into this issue a bit closer. Join us in DM to get started: https://t.co/GDrqU22YpT,,,
1764471,"@530781 @AppleSupport Same thing happened to me, what’s up?",222652,Tue Nov 07 21:35:33 +0000 2017,"@222652 Reach out to us via DM, then we can advise you on this from there. https://t.co/GDrqU22YpT",,,
1002312,@AppleSupport @116333 Love this new feature of iOS 11. Can you figure out what’s wrong? https://t.co/73oRJtqgwM,357265,Sun Oct 22 10:14:37 +0000 2017,"@357265 Reach out to us via DM, then we can take a look at this with you from there. https://t.co/GDrqU22YpT",,,
857089,"@AppleSupport 
My iPhone won’t respond at all; I can’t click any apps or even turn the phone off",323526,Fri Oct 13 09:47:14 +0000 2017,@323526 We want to be sure you can use your iPhone as you'd expect. Let us know if this helps: https://t.co/8MvHMFZ83h,,,
2614201,@115858 if y’all don’t fix this damn glitch I’m switching to @117159 🤬🤬🤬🤬,739012,Fri Nov 17 04:39:32 +0000 2017,@739012 We are here to help. Let's back up your device and then update to the newest iOS version. There is a fix for this.,,,
2120206,@115858 @AppleSupport Depuis que j’ai quitté l’IOS 10 pour la 11 je peux à peine me servir de mon téléphone! 😡 IOS 11.1 c’est de la 💩 aussi!,624757,Wed Nov 08 07:28:52 +0000 2017,@624757 We offer support via Twitter in English. Contact us for help in your preferred language here: https://t.co/IBIY3vMgPj,,,
1841298,I am so disappointed in the new iOS. My camera and Siri doesn’t work at all anymore. And my screen is unresponsive. Thanks @AppleSupport 😐,342397,Wed Oct 18 01:12:25 +0000 2017,@342397 We’re here to address the issues you're experiencing. Let's team up in Direct Message using the link below to continue. https://t.co/GDrqU22YpT,,,
1907016,@AppleSupport hi.Trashing messages on Apple Watch Nike but still appears on iPhone 7. 😕🤔,171603,Wed Oct 25 14:26:40 +0000 2017,@171603 We can definitely help. Reach out us in DM &amp; tell us what version of iOS &amp; watchOS you're running currently. https://t.co/GDrqU22YpT,,,
1519164,@AppleSupport hey what going on with this - I️ - supposed to be an vowel after e,472353,Fri Nov 03 14:38:21 +0000 2017,@472353 We'd like to help. DM us what iOS version you're on. https://t.co/GDrqU22YpT,,,
888087,"@AppleSupport Nowhere, it just stays on lock screen",324853,Fri Oct 13 16:54:59 +0000 2017,"@324853 OK, we'll be happy to look in to this issue further. Send us a DM to continue. https://t.co/GDrqU22YpT",,,
2940396,"@AppleSupport thanks. the blue line at the top of the messages window starts progressing on my MacBook Pro when I hit return but then it hangs near the end. after some time it says ""not delivered"". I've tried logging in &amp; out of messages &amp; restarting computer.",226647,Wed Nov 29 18:56:05 +0000 2017,@226647 You're most welcome. Great job troubleshooting so far! Are you using Continuity between your Mac and iPhone? Send us a DM and let us know. https://t.co/GDrqU22YpT,,,
40560,Hey @AppleSupport why can’t I download podcasts from @1922 ? New update is terrible https://t.co/AWxHdxT0Q2,124904,Wed Nov 01 11:52:04 +0000 2017,@124904 Thank you for reaching out to us. Which software version are you using? Does this happen when downloading all episodes?,,,
2025772,@AppleSupport is there an update coming soon to fix the question mark box? It’s so annoying. And my WiFi turning on by itself also.,599071,Mon Nov 06 14:19:44 +0000 2017,"@599071 Reach out to us via DM and let us know which device this is on, then we can advise you forward from there. https://t.co/GDrqU22YpT",,,
289089,@AppleSupport @115858 You really need to fix this issue real quick.,184883,Fri Oct 06 13:23:19 +0000 2017,@184883 Hi there. We'd like to help. DM us and we can take a closer look. https://t.co/GDrqU22YpT,,,
1419639,@AppleSupport why do i need Inbox in font 15 in mail inbox in ios11.1? i lose 2 out of 8 emails #ios11.1problems,356859,Wed Nov 01 23:30:26 +0000 2017,@356859 Apple welcomes suggestions. Here’s a great link to submit your feedback: https://t.co/eTPVYVFyd8,,,
2500892,"@AppleSupport My Daughter has an iPhone 6S which she updated and now can't use the front camera and the battery lasts an hour from full, what can she do. #gladigotridofmyiphone",713430,Wed Nov 15 19:13:14 +0000 2017,"@713430 We'd like to help. When using the camera is there a blank screen? If so, is this with the native Camera app or any that use the camera? We'd also like to look at some details for the battery. DM us and we'll continue. https://t.co/GDrqU22YpT",,,
817660,"@AppleSupport Yeah, was perfect on my home WiFi yesterday and this morning but won’t let me sign in to iCloud now I have signed out to see if that fixed",314749,Thu Oct 12 21:18:04 +0000 2017,@314749 If you use a different network does the issue remain?,,,
549576,@AppleSupport Nothing seems to improve it but please can you tell me what is the point in having a smart phone &amp; smart watch if you then switch off notifications? This is on a 2 day old iPhone 8+ #iphone #AppleWatch,247964,Sat Dec 02 21:56:52 +0000 2017,"@247964 Let's take a closer look. After updating to iOS 11.2, you can turn on your notifications for all your apps. Please send us a DM and let us know if that helps. https://t.co/GDrqU22YpT",,,
171771,"Shout to @115858  @AppleSupport High Sierra Update for messing up my macbooks wifi, loving your updates recently.",156114,Fri Nov 24 21:59:46 +0000 2017,@156114 What kind of Wi-Fi issues are you having? We'd love to help.,,,
1673568,@AppleSupport I️ did that and it’s still not fixing it unless I️ text someone. All internet site and messengers change it to the weird thing,229525,Mon Nov 06 22:41:13 +0000 2017,@229525 We would like to offer some guidance with this. Please send us a DM and let us know which version of iOS you have. Thanks. https://t.co/GDrqU22YpT,,,
1556343,I️ just typed a whole paragraph and my phone deleted it.... @115858 is really pissing me off lately 🙂,481186,Sat Nov 04 01:54:48 +0000 2017,@481186 Hello. That's not the experience we want you to have. Which application were you typing in?,,,
1774221,How has @115858 still not fix this &gt; I️,533205,Wed Nov 08 03:03:43 +0000 2017,@533205 Here’s what you can do to work around the issue until it’s fixed in a future software update: https://t.co/xXaXeeSRt9,,,
816085,"@115858 #macbookpro 13 2017 nTB .. has only 1 fan and overheats

glue fails in clamshell

@AppleSupport not helping

https://t.co/TyBJYhzsGM https://t.co/Fw7J5Z4hXW",248446,Sun Oct 08 15:26:09 +0000 2017,@248446 We’d like to see how we can help. Can you DM us some more details about the issue you're having? https://t.co/GDrqU22YpT,,,
2147721,@AppleSupport When will I be able to type 'I' or 'i' on my phone?,401687,Wed Nov 08 16:25:33 +0000 2017,@401687 Here’s what you can do to work around the issue until it’s fixed in a future software update: https://t.co/xXaXeeSRt9,,,
2949534,"I thought I was going to escape this epidemic, but my iPhone decided to suck and now whenever I type in “it” I get I.T 🙄. @115858 fix this haha",798957,Wed Nov 29 17:02:22 +0000 2017,@798957 Send us a DM and let us know what version of iOS you're running. We'll go from there. https://t.co/GDrqU22YpT,,,
2307533,@AppleSupport iOS 11.1.1,669386,Mon Nov 13 00:53:45 +0000 2017,@669386 What model of iPhone are you using with the update?,,,
978359,Can’t turn off speakerphone after iOS11 update. This is a joke right? @115858,352039,Wed Oct 11 19:23:08 +0000 2017,@352039 Thanks for reaching out. We're here to help. DM us so we can look into this further with you. https://t.co/GDrqU22YpT,,,
2286418,@AppleSupport just the ‘! ?’,664373,Sun Nov 12 01:37:41 +0000 2017,"@664373 An update has been released to assist with this issue. If you haven’t yet, please back up your device and update it to iOS 11.1.1. For more info, check out: https://t.co/4f8hwT5to6 https://t.co/GDrqU22YpT",,,
414945,"#IOS11 @AppleSupport #apple your new update sucks !!! Everything about it, fix it, phone is so slow, many mistakes, auto correct in french👎🏻",213940,Sat Oct 07 15:24:03 +0000 2017,@213940 We want to help so you can have a better experience with iOS 11. Have you updated to iOS 11.0.2? Please send us a DM. https://t.co/GDrqU22YpT,,,
2343644,@AppleSupport Just doesn’t pick up my fingers in the right spot.... my Samsung works fine though and it was half the price 🤷🏻‍♂️,677811,Mon Nov 13 16:02:55 +0000 2017,@677811 We'd like to look into this further with you. DM us and we'll get started. https://t.co/GDrqU22YpT,,,
2295347,"@115858 @AppleSupport help!! My AppleTV is stuck on ethernet mode and I cannot switch it to Wi-Fi. I tried resetting it, restarting it, and praying. Please help!! I no longer have Ethernet",463354,Sat Nov 11 23:58:56 +0000 2017,"@463354 Hi, let's reach out to our Apple TV team for assistance with that. Here's how: https://t.co/IBIY3vMgPj",,,
2633380,So out of nowhere my contacts were deleted. @AppleSupport EXPLAIN THIS,743535,Tue Oct 31 00:41:43 +0000 2017,@743535 We'd love to help. Do you manage your contacts in iCloud? DM us the answer below. https://t.co/GDrqU22YpT,,,
855645,@AppleSupport after update iphone automatically turns on wifi? everytime i turn on/return from airplane mode WHICH I NEVER WANT. PLEASE FIX,323207,Mon Oct 09 12:23:34 +0000 2017,"@323207 With iOS 11, disable Wi-Fi in Settings. Wi-Fi will continue to be available when toggling Wi-Fi off in Control Center.",,,
2138231,"@AppleSupport Yes, they are being mirrored",377491,Wed Nov 08 22:35:41 +0000 2017,"@377491 Alright, understood. DM us and let us know what software you're using with each device. We'll keep looking into this together. https://t.co/GDrqU22YpT",,,
1906807,My phone has already died 21% and I’ve only been awake for an hour... stop fucking with me @115858,568141,Wed Oct 25 14:10:26 +0000 2017,@568141 We'd be happy to work with you to help maximize your battery life. Can you DM us the exact version of iOS 11 running? https://t.co/GDrqU22YpT,,,
181442,@AppleSupport  how long is it going to take for my backup to complete on my iPhone X !? It’s been hours and my pictures still haven’t been added into my picture app yet 😰,158625,Sat Nov 25 01:26:39 +0000 2017,"@158625 We'd like to help with both issues, starting with your iPhone backing up. Has it finished backing up in iTunes or does it still show a progress bar or another indication it's still backing up?

How long has it been backing up and what kind of comptuer do you have?",,,
2013185,@AppleSupport @115858... can you explain why I’m still seeing boxes when I already updated my phone.??,595277,Sun Nov 05 05:21:22 +0000 2017,@595277 Thanks for reaching out. We have a workaround for this here: https://t.co/xXaXeeSRt9 DM us if you still need help. https://t.co/GDrqU22YpT,,,
2947152,I tested the rumored ”root”-login bug in macOS High Sierra. It works. This is both funny and really bad :/ @AppleSupport #apple #Mac,813999,Wed Nov 29 14:01:32 +0000 2017,"@813999 We'd like to look into this with you. Send us a DM with more information, and we'll continue from there. https://t.co/GDrqU22YpT",,,
746884,"This update got my phone dying in 2 hours from just listening to music, 🖕🏾@115858",298543,Wed Oct 11 15:57:27 +0000 2017,@298543 We want to make sure you enjoy music all day. Which version of iOS are you currently using? When did you update?,,,
1175555,"@AppleSupport Hi, my Macbook wont turn on",396529,Tue Oct 24 20:40:56 +0000 2017,@396529 We are here for you and happy to help. Take a look here: https://t.co/RqWW0duJ0U,,,
1895684,@AppleSupport somehow my music just deleted https://t.co/WYSwt7G1LN,565025,Wed Oct 18 05:09:37 +0000 2017,@565025 We're here to help. Let's take this to DM so we can better assist you. https://t.co/GDrqU22YpT,,,
804882,@AppleSupport after #ios1103 update my phone continue to stay in mute mode. Please help me. @116333 @115858,311810,Thu Oct 12 16:40:32 +0000 2017,@311810 We are here for you. Reach out to us in DM. https://t.co/GDrqU22YpT,,,
1540603,@AppleSupport That is correct. Corrupt or incompatible with my phone.,477458,Sun Nov 05 02:55:12 +0000 2017,"@477458 Which version of iOS 11 was your previous iPhone running? Have you updated the iPhone X? Give that a try, let us know what happens.",,,
2004522,Help!!!! This is ridiculous @115858 https://t.co/VnHN2sqOC1,504842,Sat Nov 04 00:49:08 +0000 2017,@504842 Thanks for contacting us. Please DM us and let us know which iOS 11 version you're running. We'll go from there. https://t.co/GDrqU22YpT,,,
2321355,"@AppleSupport hello I️ need help, my AirPods r dead and idk what to do",672693,Mon Nov 13 06:25:36 +0000 2017,@672693 We're here to help. Please take a look at the following article and let us know if it helps resolve the issue you are experiencing: https://t.co/Iwje3m9ngK,,,
2698049,"My IPhone is lagging n freezing sometimes, can someone help?
@2531 @AppleSupport",758086,Sun Nov 19 19:27:43 +0000 2017,@758086 Thanks for reaching out to us for support. We would love to help you. We recieved your DM's and we'll continue from there. https://t.co/GDrqU22YpT,,,
1073200,@115858 Please FIX battery for phones! Even on iOS 11.0.3 battery is horrible.,373240,Fri Oct 13 09:01:56 +0000 2017,@373240 We'd love to look into any battery issues you might be experiencing. Could you let us know which iPhone you carry?,,,
1852573,@AppleSupport I was using Settings but now I'm trying the iTunes approach.,554414,Thu Oct 19 02:08:09 +0000 2017,@554414 That sounds like a plan. DM us if you see the same message in iTunes. You can find more info here: https://t.co/80YRnjDFDk https://t.co/GDrqU22YpT,,,
291408,@185384 @15549 looks like you’re not the only one! @AppleSupport I got problems with volume and screen freezing too!,304806,Sat Oct 07 05:45:28 +0000 2017,@304806 We're happy to assist. Which iOS version are you currently running? Go to Settings &gt; General &gt; About for the version. https://t.co/GDrqU22YpT,,,
704560,So now my phone doesn’t have any contacts saved... wtf @115858,288370,Thu Nov 23 17:41:21 +0000 2017,@288370 We'd like to help. Let's take this to DM and we'll explore ways to provide you assistance. https://t.co/GDrqU22YpT,,,
127143,@AppleSupport my uncle upgraded to the iPhone X but is having tons of problems transferring over his photos from his iPhone 6. He bought extra iCloud storage but only 200 of 1700 photos transferred. He has plenty of iCloud storage,144550,Fri Nov 24 03:22:15 +0000 2017,@144550 We'd love to help. Please meet us in DM. https://t.co/GDrqU22YpT,,,
2686608,@AppleSupport 11.1.1,755500,Sun Nov 19 14:00:34 +0000 2017,@755500 Thank you. Are you experiencing the issue when you type or are you seeing it when others type?,,,
2205946,@AppleSupport It’s 5pm and my phone is at 30% - on low power mode - and I have barely used it being I’ve been on a computer all day. I would like to know when you’re going to fix this. The phone is not even 2 months old,644985,Thu Nov 09 22:04:20 +0000 2017,@644985 We'd like to look into this further with you. Send us a DM &amp; we'll continue there. https://t.co/GDrqU22YpT,,,
1471787,These updates ruined my phone @AppleSupport,461633,Fri Nov 03 00:17:14 +0000 2017,@461633 We want to help you. What issue(s) are you experiencing?,,,
481815,@AppleSupport been trying FOR AN HOUR to get a free game but it keeps saying verification needed. Then payment keeps failing. Wtf.,229523,Fri Dec 01 05:17:23 +0000 2017,@229523 Let's work on this issue together so you can enjoy your game. Check out the following article regarding iTunes payment issues and let us know if you still see the same result: https://t.co/U96y4MTG7k,,,
1946912,"@AppleSupport iOS 11.0.3 caused my i7 Plus to freeze, apps to crash, many more bugs. Even worse than iOS 11 when launched. Seriously @115858?",578553,Mon Oct 30 05:36:37 +0000 2017,@578553 That's not the type of experience that we'd like for you to have with your phone. Please click here to join us in DM: https://t.co/GDrqU22YpT,,,
2381306,@AppleSupport Australia,686577,Tue Nov 21 23:00:14 +0000 2017,@686577 Thanks for those details! Let's continue working on this is in DM. Join us here: https://t.co/GDrqU22YpT,,,
2333323,"Dear @115858 The ios 11 has a failure in the keyboard, ussually when I enter to wpp and some of the apps, they dissapear from time to time...",396505,Fri Oct 20 01:22:54 +0000 2017,@396505 We would like to take a look at this for you. Reach out to us in DM. https://t.co/GDrqU22YpT,,,
1857262,@AppleSupport my iPhone battery does quicker than ever after the 11.0.3 update. #whatgives,555415,Thu Oct 19 04:30:37 +0000 2017,@555415 That's unexpected. We'd be happy to help. Let's move over to DM to continue working on this. Let us know which iPhone you have. https://t.co/GDrqU22YpT,,,
429557,@AppleSupport just updated to ios11.0.2 and now cannot make calls and calls I receive get disconnected!,217163,Tue Oct 10 10:39:50 +0000 2017,"@217163 We know how important it is to be able to make &amp; receive calls, and we want to help. What happens when you try to make a call?",,,
598127,@115858 why in THE FUCK does my phone keep changing it to I.t ????? https://t.co/0454vtSFBv,261796,Sun Dec 03 19:20:30 +0000 2017,"@261796 Let's work on resolving this issue. Whiich iOS are you running? Check here: Settings &gt; General &gt; About. If you are not on iOS 11.2, we want you to update to that version since it can help with your specific issue: https://t.co/80YRnjDFDk",,,
333613,@AppleSupport Why does the new IOS operating system YOU suggested I should install .... drain my damn better MUCH faster then before?,195480,Sat Oct 07 18:02:20 +0000 2017,@195480 We'd like to help with this. Could you please send us a DM so we can gather some info and get started? https://t.co/GDrqU22YpT,,,
850389,"WHY IS MY IMOVIE SO LAGGY.

PLS SEND HELP.

I HAVE VIDEOS TO MAKE.

@115858 @AppleSupport @18941",322034,Fri Oct 13 07:11:33 +0000 2017,@322034 We have a specialty team that can best assist and can be contacted from here: https://t.co/IBIY3vMgPj,,,
2029718,HEY @AppleSupport WHY CAN I️ USE THE LETTER I️?!?!?!?! WHY DOES THIS WEIRD SYMBOL POP UP 😡,600210,Tue Nov 07 03:00:01 +0000 2017,@600210 Here’s what you can do to work around the issue until it’s fixed in a future software update: https://t.co/qODbOsp4wz https://t.co/GDrqU22YpT,,,
1656103,Okay @AppleSupport I updated my phone so wHY am I still seeing a question mark in the place of the letter “I”,505357,Mon Nov 06 02:05:03 +0000 2017,@505357 Here’s what you can do to work around the issue until it’s fixed in a future software update: https://t.co/xXaXeeSRt9,,,
430786,@AppleSupport will phones Apple X have FaceTime in Saudi Arabia and Dubai,217439,Tue Oct 10 11:38:48 +0000 2017,"@217439 Great question. To check out what feature are available in iOS, check this out: https://t.co/MK7HMEoMf2",,,
1588847,"@AppleSupport why is this character appearing whenever I️ type or see an “I️”? Yes, my phone and computer are updated. https://t.co/YN2Hv4Nh8c",488594,Sat Nov 04 19:44:20 +0000 2017,@488594 Check out this article and DM us if you have questions: https://t.co/xU1AGHStV6 https://t.co/GDrqU22YpT,,,
2111321,"@AppleSupport getting badge notifications about my own comments in Shared Albums is idiotic! What ARE you guys doing over there, trying to make me regret updating to iOS 11?! And, App store looks like it was designed by a 5-yr old.",622753,Wed Nov 08 13:53:36 +0000 2017,@622753 We'd love to help. DM us at the link below for further assistance. https://t.co/GDrqU22YpT,,,
2583213,@AppleSupport Thank you!,732049,Fri Nov 17 01:47:53 +0000 2017,@732049 You're welcome.,,,
1099658,@AppleSupport I’ve not tried calls as it’s not got Bluetooth. I’ve connected the phone via the USB. It’s a 2016 i10.,147531,Mon Oct 23 22:54:42 +0000 2017,"@147531 Thanks for clarifying. Try the steps here under 'If you're using USB Playback', and DM us the result: https://t.co/tqjOBvBgl0 https://t.co/GDrqU22YpT",,,
1748776,@AppleSupport Yeah even when I’m on the WiFi it still takes ages to load up and some times I need to switch the phone off and on again,527113,Tue Nov 07 22:20:32 +0000 2017,@527113 Have you also tried updating using another known-good Wi-Fi network?,,,
1344579,Is it just me but when @115858 bring out a new iPhone or new update my phone starts playing up? #Freezing #LowBattery #Slow.,433554,Fri Oct 27 14:11:36 +0000 2017,@433554 We'd like to look into this with you. Reach out via DM using the link below. https://t.co/GDrqU22YpT,,,
2010684,Have to avoid certain words because iPhone got some weird question mark in a box thing going on. What’s up @AppleSupport? You got this?,548125,Sun Nov 05 01:52:23 +0000 2017,@548125 We're happy to help! Let's try the steps outlined here: https://t.co/xU1AGHStV6 DM us if you have any questions. https://t.co/GDrqU22YpT,,,
523023,@AppleSupport hey I’m having problems with my iPhone X. It’s stuck on “setting up your Apple ID” and I cannot restart it. Please help!,181813,Sat Dec 02 03:11:32 +0000 2017,@181813 We can help you get your new iPhone X working as expected. Join us in DM so we can better assist you: https://t.co/GDrqU2kzhr,,,
2397978,Can this like get fixed already @115858,690118,Tue Nov 14 05:27:40 +0000 2017,"@690118 iOS 11.1.1 was recently released and it includes a fix for autocorrect issues. Be sure to back up your device prior to updating, and let us know if the issue persists afterwards. How to back up: https://t.co/4f8hwT5to6 https://t.co/GDrqU22YpT",,,
2255434,@AppleSupport any Idea why my #iphone has been transforming my “l “ into a «  ? » and changing characters especially after most recent update ?!🤔,656924,Fri Nov 10 22:10:07 +0000 2017,"@656924 iOS 11.1.1 was recently released and it includes a fix for autocorrect issues. Be sure to back up your device prior to updating, and let us know if the issue persists afterwards. How to back up: https://t.co/4f8hwT5to6",,,
704477,"@AppleSupport 
@118936 
Can you tell me how to put an application in wish list in #ios11 
It is not there...!?",288342,Thu Nov 23 18:29:47 +0000 2017,@288342 We'd like to help. That feature is not included in iOS 11. You can learn more about this version here: https://t.co/VjlEBZXvKl,,,
1892366,"@AppleSupport After #ios1103 the battery drain is real. 5 minutes on Safari, Photos, or simply any app is like 10% of it. #applesupport",564249,Sun Oct 22 22:00:39 +0000 2017,"@564249 Let's look into what's going on together. To start, reach out to us in DM and we'll continue to work from there. https://t.co/GDrqU22YpT",,,
1687340,Umm @115858 fix iOS11.2 beta because now I’m not hearing my notifications as they come.,512415,Mon Nov 06 17:02:05 +0000 2017,@512415 Thanks for reaching out! Meet us in DM to continue. https://t.co/GDrqU22YpT,,,
609547,"@AppleSupport you see my phone is behaving strange, whn volume is mute in control Centre I can hear sound https://t.co/ggY8xyFV4l",264900,Wed Oct 04 02:19:52 +0000 2017,@264900 We'd like to get this resolved for you. DM us and we'll take a closer look. https://t.co/GDrqU22YpT,,,
1501966,@AppleSupport  Why isn’t my gmail app updating? After I’ve installed iOS 11.1,468620,Fri Nov 03 08:41:49 +0000 2017,@468620 We can help. Are you using the built-in Mail app or a third-party Gmail app?,,,
2448342,Interesting how my #iPhone went from 10% battery to 33% after being plugged in for 2m &amp; now it’s at 28% writing this tweet. Still haven’t figured that out @115858? #fail,701793,Wed Nov 15 02:17:08 +0000 2017,"@701793 Thanks for reaching out. We know how important your battery life is, so we'd be happy to look into what's going on. To start, can you let us know which iPhone and iOS version you're using?",,,
1818355,"Hey @115858, I hate that when I'm at 100%, 30 mins. later it's at 63%. 
Also! It keeps telling me to update my iOS, BUT THERES NO UPDATE 🤦‍♀️",546189,Wed Oct 18 03:06:47 +0000 2017,@546189 We'd love to assist you. DM us the device you're using. We can go from there. https://t.co/GDrqU22YpT,,,
1552196,Yoooo @115858 @AppleSupport Why does my keyboard keep putting this weird question mark in a box emoji,480279,Sat Nov 04 00:12:19 +0000 2017,"@480279 Hi. We’ll be happy to help with your keyboard issue. Send us a DM, Thanks https://t.co/GDrqU22YpT",,,
2518284,@AppleSupport Oh yeah and @AppleSupport fix the fucking I’s already,717340,Wed Nov 15 23:20:52 +0000 2017,"@717340 We’d love to help. We have a helpful guide for when you can’t make calls, which you can see here: https://t.co/U53YusKX3z Have you had a chance to speak with your carrier? Also, which software version are you currently using?",,,
2349356,@AppleSupport my phone keeps dying really rapidly and it gets quite hot and I can feel it through my case. Please help 😩😩,679103,Mon Nov 13 16:21:36 +0000 2017,@679103 We'd be happy to look into this with you. Can you tell us which iPhone and version of software you're using? When did this issue begin?,,,
1706754,@115858 @10681 Yes just Procreate,517245,Tue Oct 17 17:42:06 +0000 2017,@517245 We have received your DM and we look forward to working with you from there.,,,
1588259,@AppleSupport hello I need help,488463,Sat Nov 04 19:43:29 +0000 2017,@488463 We've got your DM and will continue with you there. Be on the lookout for our reply. Thanks!,,,
2065426,Excuse me why is ‘Never’ not an option anymore? @115858 I need answers https://t.co/8MDDDSnH7v,610793,Sat Oct 07 21:28:57 +0000 2017,@610793 We'd like to take a closer look at this with you. Tell us what type of iPhone you're using via DM; we'll go from there. https://t.co/GDrqU22YpT,,,
1053682,#hamradio I'm amused. kc4aaa is having trouble updating his iPad from the south pole. Fix it for him @AppleSupport ? ;),368971,Mon Oct 23 13:28:34 +0000 2017,"@368971 We're here to help. If you or someone you know needs help updating, take a look at this: https://t.co/80YRnjDFDk",,,
937467,@AppleSupport Figured it out. Deleted folder on Mac then immediately emptied trash before folder could reappear. Worked for both docs &amp; desktop.,342226,Sun Oct 22 01:45:51 +0000 2017,@342226 Great find! We're glad to hear that you were able to get this sorted out. Thanks for keeping us posted.,,,
845816,"@AppleSupport having issues with my Bluetooth connection since #ios11update
Playing music through speaker is eratic &amp; cuts out. Suggestions?",321037,Fri Oct 20 10:02:06 +0000 2017,"@321037 Let's get to work on this issue! To start, can you let us know which device and iOS version you're using?",,,
238867,New @115858 #update for #iOS11 is very glitchy on my #iPhone7Plus #sadface 😳😡📱 New update on its way?? #apple #ifitaintbroke,172811,Tue Oct 03 21:32:59 +0000 2017,"@172811 We'd be happy to help. Have you updated to iOS 11.0.2 yet? If not, give that a try and let us know how that goes.",,,
2977227,"okay fuck @115858 ,all my contacts disappeared.",821085,Thu Nov 16 21:22:01 +0000 2017,"@821085 Thanks for reaching out to us for support. That is certainly not the experience that we wanted you to have with your device, and we are going to do everything we can to help you. When you have a free moment, please DM us so that we can look into this together? https://t.co/GDrqU2kzhr",,,
2481459,@AppleSupport help me https://t.co/RsQr1DMYyL,636663,Sun Oct 29 22:06:29 +0000 2017,@636663 Thanks for the info. Let us know more about the issue via DM and we'll determine our next steps. https://t.co/GDrqU22YpT,,,
1937299,@AppleSupport any way for me to downgrade from ios 11 to ios 10? my iPhone 5s is slow and my battery is getting over SO FAST,576336,Fri Oct 27 23:44:26 +0000 2017,@576336 We want to look into options with you for your iPhone today. Meet us in DM and provide us with your iOS version. https://t.co/GDrqU22YpT,,,
1591089,@115858 Fix your damn I️ shit,489156,Sat Nov 04 20:35:38 +0000 2017,@489156 We can partner with you. Check out these steps for help: https://t.co/xU1AGHStV6,,,
1192998,@AppleSupport It did go to sleep this time. I have an iPhone 8 plus if that matters.,400323,Wed Oct 25 01:21:32 +0000 2017,@400323 Congratulations on your iPhone 8 Plus! This actually might be with the case itself. Does it fit snug or can it be adjusted?,,,
362069,"@AppleSupport Sorry 
2003f https://t.co/vu09ujM6r5",201770,Sun Oct 08 15:54:41 +0000 2017,@201770 Thanks for the screenshot. Could you tell us what occurred on the MacBook prior to this happening? Keep us posted.,,,
709054,@115858 this weak ass battery ain’t built for my wifi cutting on when it wants to! Fix it! @AppleSupport,127210,Tue Oct 10 20:00:30 +0000 2017,@127210 Lets' look into that. Send us a DM and we'll go from there. https://t.co/GDrqU22YpT,,,
1803025,@AppleSupport  When will we get our text from Photos or pages back?? So frustrating! https://t.co/NXwN2tgC5D,541776,Fri Oct 13 12:10:45 +0000 2017,@541776 We'd like to look into this with you. Let us know which iPhone and version of iOS you're using via DM. We'll go from there. https://t.co/GDrqU22YpT,,,
1220503,"@AppleSupport refused to help me, directed me to a website that says it can't help me... maybe the attorney general can assist me with getting help. big companies forget how to provide customer service",406359,Sat Nov 25 19:06:44 +0000 2017,@406359 We'd like to look into this. Let's connect in DM. Click here: https://t.co/GDrqU22YpT,,,
705783,@AppleSupport I tried using an app and 15 - 20 minutes later it kicked me out. Then I tried again. Then 15 - 20 minutes later the same thing happened. Why,189689,Fri Oct 06 02:54:51 +0000 2017,@189689 We'll help you get pointed to the right direction. Shoot us a DM and we'll get started. https://t.co/GDrqU22YpT,,,
1048084,@AppleSupport why is my iPhone all of a sudden making a fire alarm sound?!? did someone hack my phone?!? #iAmAfraid phone will explode,295036,Sat Oct 14 19:30:28 +0000 2017,@295036 We'd like to look into this. Send us a DM to continue. https://t.co/GDrqU22YpT,,,
806477,@AppleSupport Headphones volume on my iPhone 6 has been extremely low since updating to ios11. Wondering if you can help.,312180,Thu Oct 12 17:19:29 +0000 2017,@312180 We'd be happy to look into this with you. Have you tested with multiple pairs of headphones?,,,
1400696,Dear @115858 iOS 11 has crippled my barely 2 yr old phone. Not cool. #brick,445677,Sat Oct 28 14:52:31 +0000 2017,@445677 That's not good. We want your iPhone running its best. Provide us more details on what's going on so we can help.,,,
54460,@AppleSupport 11.1,128332,Wed Nov 01 19:11:57 +0000 2017,@128332 Are you using a third-party keyboard in Settings &gt; General &gt; Keyboard &gt; Keyboards ? Let us know in DM. https://t.co/GDrqU22YpT,,,
1717600,@AppleSupport 3 days ago,520092,Sat Oct 28 23:31:06 +0000 2017,@520092 Excellent. Are you using an Apple-branded adapter and lightning cable with your iPhone?,,,
915214,Has anyone else found the new apple update terrible? My phone keeps freezing arrrrrh!!!! @AppleSupport,337315,Fri Oct 13 19:56:39 +0000 2017,@337315 Let's look at this issue together to resolve it. Which iPhone do you have and what version of iOS is installed?,,,
1868489,"Hey @115858 fix the FaceTime app, cause I want to talk to my bf and it has so much bugs an issues to call him.",558143,Fri Oct 20 03:41:27 +0000 2017,@558143 We know how important FaceTime is to talk to people and we'd love to help! What happens when you try to call him?,,,
246529,@116333 #HighSierra is nuts! My 256GB SSD in MBP 2011 Retina showing 80GB-&gt;36GB-&gt;102.71GB avail. All w/in 12 hours! I don't trust #APFS!,174555,Thu Oct 05 15:19:09 +0000 2017,@174555 Thanks for reaching out. We'd like to look into this issue. Please DM us and we'll continue from there. https://t.co/GDrqU22YpT,,,
2206008,@AppleSupport DM me,645003,Thu Oct 19 17:29:14 +0000 2017,@645003 As you wish! We'll actually need you to start the DM by clicking the button below. https://t.co/GDrqU22YpT,,,
2042669,"@AppleSupport iOS 11.0.2 is still very buggy for iPhone 6S. Can’t close out of apps, notifications won’t clear, home screen freezes. Bad...",604039,Wed Oct 04 16:12:58 +0000 2017,@604039 We certainly want to resolve this issue so you continue enjoying your iPhone and iOS 11. Join us in a DM here: https://t.co/GDrqU22YpT,,,
2293885,Can @AppleSupport figure out this issue with I️’s ASAP,666106,Sat Nov 11 21:15:17 +0000 2017,"@666106 Let's help get this sorted. We recently released an iOS update, 11.1.1, that contains a fix for autocorrect issues. Let’s be sure to back up your device prior to updating. How to back up: https://t.co/4f8hwT5to6",,,
2125130,WHY CANT I SEE SPOTIFY IN MY LOCK SCREEN IM RIPPING MY HAIR OUT @AppleSupport,625843,Wed Nov 08 16:39:47 +0000 2017,"@625843 Let's look into this together. In DM, can you let us know which device and software version you're having issues on? https://t.co/GDrqU22YpT",,,
2777640,@AppleSupport I've just restarted and my mac still crashes when I delete a bookmark,776021,Tue Nov 21 15:47:25 +0000 2017,@776021 Thanks for completing the restart. Let us know if this helps: https://t.co/jmfl9ljdvU,,,
1619356,@120640 I love @115858 products!! Especially when they fail. https://t.co/YSP5bAVYrw,370627,Fri Nov 03 22:46:48 +0000 2017,@370627 Hello Tim. We'd like to look into this issue with you. Send us a DM using the link below and we'll get started: https://t.co/GDrqU2kzhr,,,
1170121,@AppleSupport hi there my phones stuck on the white screen with the black apple logo and i've tried to press every button but nothing works,395220,Sun Oct 15 12:49:23 +0000 2017,@395220 We’ve received your DM. Be on the lookout for our response there shortly. https://t.co/GDrqU22YpT,,,
1803599,What update pushed in #iOS11 ??? #iPhone6 started to #Hang #BatteryDraining #Apps #Irresponsive @AppleSupport @115858 #Apple #iPhone,541935,Fri Oct 13 15:30:09 +0000 2017,@541935 Help is the name of the game &amp; we're glad you're here. Let's check out the battery life &amp; performance of your iPhone. DM us. https://t.co/GDrqU22YpT,,,
2690850,@AppleSupport and sometimes when opening one of these applications the screen just stays blank like it’s loading but it’s stuck and I have to hard-reset the iPhone to be able use it again.. (2/2),756465,Sun Nov 19 17:41:44 +0000 2017,@756465 Thanks for those details. Let's look into this further. Could you let us know in a DM what country you're in? https://t.co/GDrqU22YpT,,,
1224368,Has anyone ever had the audio on an IG video keep playing even when you're no longer watching it? #iOS11 @AppleSupport @126 https://t.co/Rq3x7QLK8X,407242,Fri Nov 03 16:40:53 +0000 2017,"@407242 Let's look into this together. Have you been able to restart your iPhone since this started? If not, let's give that a try.",,,
996668,Hola @AppleSupport !! Porqué no me deja comprar el resto del álbum?? Solamente me deja comprarlo de nuevo y tengo que volver a pagar por las 4 canciones que ya he comprado anteriormente? Gracias! @115858 @118062 @121574 #reputation https://t.co/FxFHIs8Hm0,356007,Fri Nov 10 08:49:32 +0000 2017,@356007 We offer support via Twitter in English. Get help in Spanish here: https://t.co/IBIY3vMgPj or join https://t.co/OczyRx7IOs,,,
975792,@AppleSupport new iOS drains battery w/ hardly any use- less than 10 hours!!! My iwatch doesn't make it past 6pm TERRIBLE! #FIXTHISQUICKLY,351410,Sun Oct 22 02:53:35 +0000 2017,@351410 Please meet us in DM so we can clarify and determine the best support options for these issues. https://t.co/GDrqU22YpT,,,
1134127,@AppleSupport It’s is unresponsive,387230,Tue Oct 24 23:28:26 +0000 2017,@387230 We're here to help. DM us so we can look into this further with you. https://t.co/GDrqU22YpT,,,
585953,@157399 @156470 @258346 @258347 @115858 @AppleSupport yo guys just updated to IOS 11.2... keep getting glichtes where top right icons dissapear on the home and lock screen. first it was only the battey but now ite everything https://t.co/KYxqM1BWuf,258345,Sun Dec 03 09:58:59 +0000 2017,@258345 We'll be happy to help out if you're noticing some unexpected behavior. Do these issues persist after rebooting your iPhone? https://t.co/OWRDHWSt4h. Let us know the results and we'll go from there.,,,
1648351,@115858 fix my phone bruh,503567,Sun Nov 05 19:48:32 +0000 2017,@503567 Here’s what you can do to work around the issue until it’s fixed in a future software update: https://t.co/xXaXeeSRt9,,,
2727104,@AppleSupport ... There won't be any issues during the installation after download if my area experiences internet outage.,764732,Tue Oct 31 18:06:59 +0000 2017,@764732 We’d recommend staying connected to Wi-Fi while updating. You could also update through iTunes: https://t.co/80YRnjDFDk,,,
2815586,@AppleSupport did update on iPhone on Friday &amp; added new iwatch on Friday. Today I get this. Is it normal to then get this on iPhone? Friends recently sent video virus on messenger I clicked but did not enter passwords or download. Making sure I'm good &amp; not virus before entering https://t.co/OGjLa9GQKn,784954,Mon Nov 27 02:54:26 +0000 2017,"@784954 We completely understand wanting to make sure your iPhone and Apple Watch are both working as expected. We're happy to help. To start, please DM us with the country where you're located and the model of iPhone you're using. https://t.co/GDrqU22YpT",,,
1469450,I guess when @115858 releases a new phone they do an update too to make my phone laggy and slow 😔,461057,Mon Oct 09 16:53:53 +0000 2017,@461057 That's not expected behavior. We'd like to look into this with you. Let us know in DM what iPhone you have and it's iOS. https://t.co/GDrqU22YpT,,,
867524,How ironic that my iPhone 7 stops working and constantly glitches after I update @115858 😡😡,325996,Fri Oct 20 16:44:09 +0000 2017,"@325996 We’re available to work through this together. To get started, which iOS 11 version are you using? The latest is 11.0.3.",,,
542413,@AppleSupport Yes mine has been going on for a week he just got his phone yesterday it. It keep saying the music is unavailable for download on every song.,245891,Sat Dec 02 20:26:39 +0000 2017,@245891 Thanks for that info. We'd like to look into this further. Let's meet in DM. https://t.co/GDrqU22YpT,,,
1644540,Why is the keyboard fucked up??? @115858,502558,Sun Nov 05 23:45:56 +0000 2017,@502558 What's going on with your keyboard? What device are we working with? We'll provide all the assistance we can to get this resolved.,,,
1545974,@478770 my new stupid iPhone is frozen-won't do a hard reset-none of my buttons work - try calling me.  I'm at the airport #frustrated,478769,Sat Oct 28 13:55:10 +0000 2017,@478769 Good morning! We'd love to help with your iPhone. Please send us a DM and we'll get started. https://t.co/GDrqU22YpT,,,
1508016,@AppleSupport fix ur bs. i’m just tryin to download my preorder of @399729’s new album......????? https://t.co/vzkiWj5wY7,470010,Fri Nov 03 04:55:24 +0000 2017,@470010 We want to be sure you can listen to new music! Have you restarted your iPhone since this started?,,,
845553,"@AppleSupport Hey, it’s still doing this? Any ideas how to fix it?",320987,Fri Oct 13 01:08:34 +0000 2017,"@320987 Is your iPhone's orientation lock not working at all, or is the behavior intermittent? Does it seem to occur in one app?",,,
1998846,@AppleSupport Dont understand the kind of a OS release to the users which makes the phone completely unusable. #iOS111 testing directly done in prod env,591015,Thu Nov 02 17:53:03 +0000 2017,@591015 Let us help troubleshoot your iPhone. Reach out to us in DM with more details about your device and we'll go from there. https://t.co/GDrqU22YpT,,,
2042434,@AppleSupport why does my iphone 6s become slower after updating to ios 11?,214773,Wed Oct 04 05:53:15 +0000 2017,"@214773 That's not the experience we want for you, and we're here to help. To get started, DM us more info about what's going on. https://t.co/GDrqU22YpT",,,
622622,@AppleSupport so saddened by the handling of my moms iPhone X preorder. She’s gotten no reason on why her phone is now being shipped back to the warehouse. It was scheduled to be delivered Monday. Now due to the return request from @115858 it’s going to be 10-14 days.,267778,Wed Nov 22 17:14:01 +0000 2017,@267778 We're sorry to hear there's been some issues with the shipment of your mother's iPhone X. Was it purchased right from https://t.co/aDvvwiWFbo or through her carrier? https://t.co/GDrqU22YpT,,,
2589727,How/why tf is my battery percentage going down on the charger ... riddle me tht @AppleSupport,733575,Mon Oct 30 19:06:40 +0000 2017,@733575 We'd love to help. Does the issue occur when using a different charger? DM the answer below. https://t.co/GDrqU22YpT,,,
1969175,"Uh, hey @115858 @AppleSupport,, where my clock at? This isn’t the first time either... https://t.co/1wBxovJ48C",583398,Tue Oct 31 15:07:41 +0000 2017,@583398 Thanks for reaching out to us. Let's have you restart the iPhone and see if it persists.,,,
1657836,"Why tf these weird boxes keep popping up when I️ text , tweet or write on any other app @115858",505834,Mon Nov 06 02:32:56 +0000 2017,@505834 Here’s what you can do to work around the issue until it’s fixed in a future software update: https://t.co/xXaXeeSRt9,,,
2048966,"If @115858 mission with new iOS update is to have me not wanna use my phone, mission accomplished! #iOS11",605960,Thu Oct 05 15:45:51 +0000 2017,@605960 Are you experiencing issues with your iPhone? We'd love to help you get them fixed. DM us more info and we'll get started. https://t.co/GDrqU22YpT,,,
2814589,does anyone’s i.t keep autocorrecting to i.t. i.t is very annoying and idk how to fix i.t @115858,784697,Mon Nov 27 02:25:12 +0000 2017,@784697 We'd like to help. What kind of device are you using and it is updated to iOS 11.1.2? You can check in Settings &gt; General &gt; About,,,
2758226,@AppleSupport I UPDATED IT AND THE BUG GOT FIXED THANK U SO MUCH,764487,Tue Nov 21 03:47:25 +0000 2017,@764487 That's great news. Let us know if you ever have a question and we'll be happy to help.,,,
2295693,@AppleSupport I’ve updated my phone to iOS 11.1 and my battery life is so bad now because of it I’m constantly charging it,666589,Sun Nov 12 17:16:55 +0000 2017,"@666589 An update has been released to assist with this issue. If you haven’t yet, please back up your device and update it to iOS 11.1.1. For more info, check out: https://t.co/4f8hwT5to6",,,
2013823,@AppleSupport Just tried to call however the line has closed for the day. Can you guys help me instead as i will find it hard to call in opening hours,588699,Mon Oct 30 20:07:52 +0000 2017,@588699 We don't have access to order details through this support option. Only our Sales Team has access to assist with this issue.,,,
2362972,"Gdi, @115858 fix this I️ glitch please.",682272,Mon Nov 13 21:19:42 +0000 2017,"@682272 We recently released iOS 11.1.1 to address this issue. Have you had a chance to update? If not, this article explains how: https://t.co/8xihd9VRBM DM us if the issue continues. https://t.co/GDrqU22YpT",,,
794584,@AppleSupport yes,309451,Thu Oct 12 16:05:59 +0000 2017,@309451 We'd like to take a closer look with you. DM us about this issue and we'll continue together there. https://t.co/GDrqU22YpT,,,
1973614,@AppleSupport As far as I can tell it is at random times. I have to click up on volume&gt; then down on volume&gt; then hold power button until it restarts.,584492,Wed Oct 18 18:26:56 +0000 2017,"@584492 Next, what version of iOS 11 are you currently running? Do you ever receive an error or message?",,,
323879,"@AppleSupport I have to restart it just because the phone is non responsive, it happens for all apps, even playing music it stops and freezes everything",193149,Mon Oct 09 06:38:55 +0000 2017,@193149 Got it. Let's dig into this a little deeper. DM us and we'll continue working with you there. https://t.co/GDrqU22YpT,,,
2083365,@AppleSupport my songs don’t show up in control center; can’t change songs or volume,616152,Tue Oct 10 21:30:11 +0000 2017,"@616152 We're happy to help! DM us with the music app you're using when this happens, we can continue from there. https://t.co/GDrqU22YpT",,,
1297496,iOS 11.3 by far the WORST update ever!! @115858 Thanks for ruining my iPhone and iPad.,210861,Thu Oct 26 21:35:05 +0000 2017,@210861 Reach out to us via DM and let us know what's going on. We'll be able to assist you. https://t.co/GDrqU22YpT,,,
2739465,@767529 @115858 Did u?,767528,Mon Nov 20 17:15:28 +0000 2017,"@767528 We recently released iOS 11.1.2, so let’s go ahead and upgrade to that latest version, then let us know how things go from there. This article will guide you: https://t.co/80YRnjDFDk",,,
382522,@115858 can you please fix that stupid A ? Square that comes up every time someone types the works I. Hyroglifics aren’t in style anymore,206687,Mon Nov 06 21:01:32 +0000 2017,@206687 Here’s what you can do to work around the issue until it’s fixed in a future software update: https://t.co/xXaXeeSRt9,,,
2130290,my phone just went from 70% to 20% in a matter of minutes. wtf @115858!,627021,Wed Nov 08 19:11:29 +0000 2017,@627021 We're here to help and want to do all we can to reach a resolution. May we get the iOS version currently on the iPhone to start?,,,
2071948,@AppleSupport Even after the most recent update it still does this. https://t.co/6y4FB2HNjK,551658,Sat Oct 07 16:22:59 +0000 2017,@551658 Let's get your Home screen working right. DM us with the country in which you're located. We'll go from there: https://t.co/GDrqU22YpT,,,
2287629,@AppleSupport My phone is still showing the characters instead of the letter “I”.,664651,Sun Nov 12 03:03:11 +0000 2017,@664651 Thanks for clarifying that. Let's look into this further in DM. https://t.co/GDrqU22YpT,,,
2113836,@AppleSupport Why doesn’t the weight field on the medical ID screen auto populate with new data from the Health app?,417284,Wed Nov 08 13:58:42 +0000 2017,@417284 We value your feedback on things like this. You can provide that directly to our development team here: https://t.co/eTPVYVFyd8,,,
2298270,@AppleSupport ay wanna do your Apple lovers a huge favor and fix this shit &gt; I️,667140,Sun Nov 12 05:50:56 +0000 2017,"@667140 Thanks for reaching out. If that behavior still continues after updating to the latest version of iOS, just let us know via a DM. We’ll keep moving forward from there. https://t.co/GDrqU22YpT",,,
550789,@AppleSupport Not seeing Apple Pay Cash Card in just-installed iOS 11.2 ...?,248317,Sat Dec 02 13:24:28 +0000 2017,@248317 We appreciate you reaching out to us. At this time Apple Pay Cash is currently not available.,,,
1497866,@AppleSupport Just one. I only have the iPad mini n idk what it is on haven't updated it for a while,467770,Mon Oct 16 23:49:16 +0000 2017,"@467770 Okay, no problem!  You can check in Settings &gt; General &gt; About &gt; Version.",,,
2070416,"You’ve done it again @115858 @AppleSupport, another update to the #iPhone that just makes it even slower &amp; more glitchy…",570408,Sun Oct 08 21:57:31 +0000 2017,@570408 We'd be happy to work with you to get to the bottom of this. Can you DM us what model of iPhone we are working with? https://t.co/GDrqU22YpT,,,
656285,"Eu fiquei mais de 2 horas esperando isso e no final deu erro 

Não esperava isso de ti @115858 @AppleSupport @54150 https://t.co/pi623jgS0g",276139,Thu Oct 05 04:00:41 +0000 2017,"@276139 Since our Twitter support is available in English, get help at https://t.co/IBIY3vMgPj or join https://t.co/pvaOFfPbjt",,,
1955184,"@AppleSupport iPhone 6S , iOS 11.0.3",580342,Mon Oct 30 16:15:13 +0000 2017,@580342 Thanks for those details! We have a few more details we need from you. Please meet us in DM so we can gather that information. https://t.co/GDrqU22YpT,,,
1803133,Please give us a software update to fix this absurd buffering issue. @115858,541810,Fri Oct 13 13:12:46 +0000 2017,@541810 We're happy to help. Please join us in DM and let us know more about the buffering issue that you're experiencing. https://t.co/GDrqU22YpT,,,
1699976,@115858 please fix the I️ soon.,515529,Mon Nov 06 19:05:22 +0000 2017,@515529 Here’s what you can do to work around the issue until it’s fixed in a future software update: https://t.co/qODbOsp4wz,,,
2060172,@115858 @AppleSupport IOS 11 so trash. My phone intermittently restarts itself and it’s a iPhone 7 Plus. Battery life is worse. 🚮🚮🚮,609318,Sat Oct 07 11:57:53 +0000 2017,@609318 This isn't the experience we want you to have. DM us with more details about what you're experiencing &amp; we'll go from there. https://t.co/GDrqU22YpT,,,
1961336,"@AppleSupport They’re back now. Was running 11.0.2. Phone has just been struggling real bad to keep up (crashing apps, unresponsive screen, etc) no fun",581676,Wed Oct 18 18:30:02 +0000 2017,"@581676 Thanks.  After making sure you have a current backup, we recommend updating to iOS 11.0.3.",,,
483165,"Bekam jemand von Euch dieses von @AppleSupport mit #ios11 verursachte Problem der #Foto-App gelöst? Ein workaround vielleicht? In der #iCloud sind die Fotos vorhanden, aber kommen nicht zurück aufs #iPhone - bei mir fehlen 10.000 davon seit ios11 #Iphonesucks #iphone6 @216880 https://t.co/ZsmcTMPQtM",122941,Fri Dec 01 08:16:56 +0000 2017,@122941 We offer support via Twitter in English. Contact us for help in your preferred language here: https://t.co/IBIY3vMgPj,,,
753601,@AppleSupport I have the latest IOS and it causes my iphone to frequently freeze and crash. How do I fix this?,300107,Sat Oct 07 02:02:55 +0000 2017,@300107 We are here for you. We've got your DM. Look for our reply there. https://t.co/GDrqU22YpT,,,
1768196,@AppleSupport why is it when i type “i“ it comes out to I️,531640,Tue Nov 07 21:33:52 +0000 2017,@531640 Here’s what you can do to work around the issue until it’s fixed in a future software update: https://t.co/xXaXeeSRt9,,,
2241171,fix your fucking coding please im so tired of the box w question marks @115858,653431,Fri Nov 10 19:15:34 +0000 2017,"@653431 We’ve recently released iOS 11.1.1, just includes a fix for auto-correct issues. Be sure to back up your device before updating. Also, let us know if the issue persists afterwards. Here’s how to back up, for reference: https://t.co/4f8hwT5to6",,,
288486,@AppleSupport why does the apple update suck so bad? My normally good product is now crap thanks to your update.,184722,Fri Oct 06 12:33:30 +0000 2017,@184722 Thanks for reaching out to us. Can you please provide more details about your issue so that we can better understand? Thanks.,,,
850667,"@AppleSupport updated to ios 11.0.2 now my phone is frozen!cant restart/turn off, its jut stuck! cant use/click on any icons, nothing works?",322094,Mon Oct 09 06:46:20 +0000 2017,@322094 Let's get your iPhone back up and running. Send us a DM and we'll take a look from there. https://t.co/GDrqU22YpT,,,
652983,"@AppleSupport 11.0.3 iPhone 7. I️t isn’t happening now though, seems to happen unexpectedly at random times.",275266,Wed Nov 22 22:21:06 +0000 2017,@275266 Great to hear! We do see that your iPhone is running an out-of-date iOS that could be causing the odd issues. Updating to iOS 11.1.2 is definitely a great step in making sure your iPhone runs smoothly. Check out how to here: https://t.co/soeXTHWFdK,,,
2296336,"Hey @115858, you gonna fix that issue with ios turning ‘I’s into ‘?’s anytime soon?",363401,Sun Nov 12 16:42:39 +0000 2017,@363401 We'd like to help any way we can. Let's start with your model and the iOS version that's currently installed on it.,,,
2424450,"@AppleSupport Everything suggested I  already do. If I have location settings turned off, every download app cannot see my location which in some cases isn’t ideal.",178337,Tue Nov 14 18:53:09 +0000 2017,@178337 Understood. Let's go to Settings &gt; General &gt; About and let us know which software version you're using.,,,
2301473,@115858 Why is my Bluetooth/WiFi/Data still on even if I turn it off from here? https://t.co/75s64Kooco,633010,Sun Nov 12 14:24:08 +0000 2017,"@633010 Thanks for reaching out. Please know we have made some changes in iOS 11 with how Bluetooth and Wi-Fi work with the Control Center. To turn either completely off, you will need to do such from the Settings app. Check out: https://t.co/G7BHuQnDS6",,,
848305,"I don’t get UX on iOS 11 podcast app, @AppleSupport. Why do I see old / stale episodes instead of new ones? What am I missing?",321596,Fri Oct 20 12:23:06 +0000 2017,@321596 We're happy to assist. Which iOS 11 version are you currently running? Go to Settings &gt; General &gt; About for the version.,,,
1002793,"@AppleSupport It’s happened with several apps and it’s happened while in a resting state, where I can feel the haptic button but screen won’t wake up.",357367,Sat Oct 14 16:10:37 +0000 2017,@357367 Send us a DM and tell us what you have to do in order to get it working again. https://t.co/GDrqU22YpT,,,
1761084,@115858 needs to get there stuff together and fix this “I️” problem,529983,Tue Nov 07 18:49:54 +0000 2017,@529983 Here’s what you can do to work around the issue until it’s fixed in a future software update: https://t.co/xXaXeeSRt9,,,
2303752,"@AppleSupport bonsoir, je n’ai plus de messagerie sur IPhone iOS 11.1. et @184078 incapable de résoudre le problème me certifie que le bug provient d’@115858. Pouvez-vous intervenir efficacement rapidement? Merci",184077,Sun Nov 12 17:07:36 +0000 2017,@184077 We offer support via Twitter in English. Contact us for help in your preferred language here: https://t.co/IBIY3vMgPj,,,
228564,"Dear @115858 , Can you have an update that actually fixes my phone. Thanks",170496,Wed Nov 15 04:15:45 +0000 2017,"@170496 We're here to help. To start, what device model are you using and what issue(s) are you experiencing exactly?",,,
1436730,@AppleSupport Okay. How can I answer a call when I am wearing my #AirPods?,453534,Thu Nov 02 17:51:46 +0000 2017,@453534 This article shows how to use all the functions of the AirPods: https://t.co/1gycpwHngk,,,
354555,@AppleSupport I am having to force messages closed 12+ a day bc the reply field goes missing. IPP 10.5 11.0.2.,200272,Thu Oct 12 01:14:32 +0000 2017,@200272 We want to help. Have you tried updating to iOS 11.0.3?,,,
2229472,"Ok, I updated my phone... why am i still seeing these boxed question marks??!?!! @123765 @797 @115858 ?!!!! 
Idek who to @ lol https://t.co/JiXMVMmcqi",650624,Fri Nov 10 08:39:36 +0000 2017,@650624 We'll be happy to look into this. Did you update to iOS 11.1.1? Check out: https://t.co/xXaXeeSRt9 Can you DM us if you are experiencing the issue on your own messages or messages you are seeing from others? https://t.co/GDrqU22YpT,,,
1773623,@AppleSupport what the heck.  I️ can’t write emails or texts on my iPhone with these stupid symbols replacing I️ constantly where’s the fix,533055,Wed Nov 08 00:37:22 +0000 2017,@533055 Here’s what you can do to work around the issue until it’s fixed in a future software update: https://t.co/xXaXeeSRt9,,,
2146635,@AppleSupport please fix this I️ bullshjt,631026,Wed Nov 08 20:33:15 +0000 2017,@631026  Here’s what you can do to work around the issue until it’s fixed in a future software update: https://t.co/xXaXeeSRt9,,,
2562305,my phone is up to date and never been damaged. can u stop randomly restarting it plz @AppleSupport,727154,Thu Nov 16 17:04:05 +0000 2017,"@727154 We’ve got your back. Can you tell us which iPhone you have? When your iPhone unexpectedly restarts, what do you see on the screen?",,,
1649604,"@AppleSupport I updated my 6s and now everything keeps crashing, apps won’t open, battery is draining. I have rebooted my phone 8 times 2day",503886,Sun Nov 05 19:55:34 +0000 2017,@503886 We've received your DM &amp; be on the lookout for our response there.,,,
2035796,Dear @115858 and @AppleSupport — Battery life *horrible* since upgrade to #iOS11 on my iPad.,601872,Tue Nov 07 17:01:55 +0000 2017,"@601872 We'd be happy to look this over with you. Please meet us in DM so we may gather information, and better assist. https://t.co/GDrqU22YpT",,,
703656,@115858 And I’m not the only one with this complaint. Stop fucking with me before I get a @122986 pixel on your ass,288110,Fri Oct 06 01:24:56 +0000 2017,@288110 Help is on the way. Meet up with us in DM and we'll help you figure this out. https://t.co/GDrqU22YpT,,,
2691799,"Hey @AppleSupport, any way I can just get all my photos from the cloud easy? Or is it a 24 hour operation? I dunno why my phone just suddenly decided to delete all my photos from yesterday onwards. Any ideas?",756679,Sun Nov 19 15:57:47 +0000 2017,"@756679 We can help move things forward! For issues with iCloud Photo Library, get help from our Photos team with this link: https://t.co/IBIY3vMgPj",,,
2138248,@115858 so you guys gonna fix this “I” problem or what?!?!,628915,Wed Nov 08 21:38:57 +0000 2017,@628915 Here’s what you can do to work around the issue until it’s fixed in a future software update: https://t.co/xXaXeeSRt9,,,
749806,@115858 PLEASE fix facetime glitches... we are good on the emojis for now chill on that,299228,Wed Oct 11 16:47:43 +0000 2017,@299228 We're here to help. Let us know what is going on with Facetime and we can go from there.,,,
1173956,My phone freezes ALOT since my last software update. Please provide remedies? @AppleSupport,396123,Tue Oct 24 19:46:21 +0000 2017,@396123 We'd love to help out. Could you Direct Message us and let us know what country you're located in? https://t.co/GDrqU2kzhr,,,
1889697,"Dear @AppleSupport, why the `kernel_task` is always eating up my CPU? Please, come up with a useful answer. Retina 15”, Mid ’15 #macOS 10.13",563540,Sun Oct 22 13:03:08 +0000 2017,@563540 Let's see if we can help understand what you're seeing a little better. Can you DM us more information? https://t.co/GDrqU22YpT,,,
1743634,"@115858 needs to get their shit together with this glitch, I’m already a hot mess I️ don’t need my texts to verify that even more.",525916,Tue Nov 07 05:40:13 +0000 2017,@525916 Here’s what you can do to work around the issue until it’s fixed in a future software update: https://t.co/xXaXeeSRt9,,,
757830,"@AppleSupport , this new update kills my phone battery so fast 😑",301095,Wed Oct 11 18:51:29 +0000 2017,@301095 Hey. We're here to help. Have you tried the suggestions here for maximizing battery life: https://t.co/bivpdfBNJ6,,,
1772627,@115858 what are y’all going to fix the glitch ??,532774,Tue Nov 07 23:29:39 +0000 2017,@532774 We'd like to help with this. Let us know in DM what's happening and we'll get started. https://t.co/GDrqU22YpT,,,
1887424,Really funny that my recently new iPhone 7 Plus’s battery dies all the time now the new iPhones are coming out isn’t it @AppleSupport 🤗,562920,Mon Oct 23 13:17:24 +0000 2017,"@562920 Definitely not the expected behavior, but we're to help out. Meet us in DM, then we can dig in to this with you from there. https://t.co/GDrqU22YpT",,,
1646126,This @115858 iPhone bug is becoming quite annoying https://t.co/PvhHj2HjmB,502976,Mon Nov 06 00:39:02 +0000 2017,@502976 Here’s what you can do to work around the issue until it’s fixed in a future software update: https://t.co/xXaXeeSRt9,,,
1757778,so @115858 is out here charging 1g for a phone but won’t let me type I️ without messing up 🤦🏻‍♀️,132698,Tue Nov 07 17:19:50 +0000 2017,@132698 Here’s what you can do to work around the issue until it’s fixed in a future software update: https://t.co/qODbOsp4wz,,,
538694,Getting the black spinning screen (of death) on my iPhone. Several other seems to be having this problem too (https://t.co/gSnzRT3ak9) @AppleSupport,244895,Sat Dec 02 04:49:44 +0000 2017,"@244895 Thanks for reaching out to us. Please make sure you follow each of the steps in our support article to help with what you're seeing: https://t.co/Wc5MHFZb0p

If you have any questions, please DM us.",,,
2944496,"The ROOT user does NOT have a password! Type root into ANY 'locked' box and click on the password text box, then click 'Okay'. I'm currently logged into my Macbook AS ROOT @115858 @AppleSupport",813401,Wed Nov 29 10:14:23 +0000 2017,@813401 Hey! Meet up with us in Direct Message at the link below. We'd love to provide you more guidance on this today. https://t.co/GDrqU22YpT,,,
1333686,Why is this acceptable for every time I charge my iPod touch I have wrap it around the iPod to get it work. Using the official apple charger @115858 @1714 https://t.co/SVbyw72nHW,431131,Wed Oct 18 09:55:46 +0000 2017,@431131 Let's get things charging again here. How long have you been seeing this? Does this happen with other cords?,,,
1643881,Wtf @115858 I️ I️ &lt; what is this shit ?!,231170,Sun Nov 05 23:15:23 +0000 2017,@231170 Here’s what you can do to work around the issue until it’s fixed in a future software update: https://t.co/xXaXeeSRt9,,,
2035453,"@AppleSupport aye this update ass and got everybody phone not being able to type I️ and my phone keep freezing, get it together",601771,Tue Nov 07 16:00:59 +0000 2017,@601771 We're here for you. Send us a DM with your current iOS version and we'll take a closer look at these issues together. https://t.co/GDrqU22YpT,,,
1780297,"@115858 @AppleSupport Con última actualización iOS11.0.3 mi iPhone7 funciona pésimo se actualiza solo, dice no reconocer SIM 👎🏻 https://t.co/8J5G4UlCQw",534869,Tue Oct 17 22:57:56 +0000 2017,@534869 We offer support via Twitter in English. Get help in Spanish here: https://t.co/IBIY3vMgPj or join https://t.co/OczyRx7IOs,,,
1896716,ive never believed @115858 intentionally breaks phones to make you upgrade but my SE has become flat-out unusable since updating to the latest os. unreal,565311,Tue Oct 24 15:26:03 +0000 2017,"@565311 We want you to have a great experience with an update, no matter what device you have. Please send us a DM with what's going on. https://t.co/GDrqU22YpT",,,
1708553,@115858 YOUR STUPID PHONE RANDOMLY ERASED EVERYTHING OUT OF MY PHONE WITHOUT RESTARTING OR ANYTHING. WTF. FUCKING HATE APPLE. 🖕🏼🖕🏼🖕🏼,517735,Tue Nov 07 00:07:37 +0000 2017,@517735 We'd love to help you recover your data. Please send us a DM and we'll get going. https://t.co/GDrqU22YpT,,,
1475432,I updated my phone yet I still see boxes?! Wtf @115858 !!,462521,Thu Nov 02 19:31:37 +0000 2017,@462521 We'd be happy to touch base on this with you. DM us using the link below and we'll go from there. https://t.co/GDrqU22YpT,,,
960011,"@AppleSupport I am getting tempted to go back to #iOS 10.3.3 , this #iOS11.0.2 , the #battery drain is too much , 3 to 4 hours 6S  😕",300388,Wed Oct 11 09:35:17 +0000 2017,"@300388 Let us help you with your battery issue. Please, meet up with us in DM to get started. https://t.co/GDrqU22YpT",,,
666217,@AppleSupport iPhone X version 11.1.2,278714,Thu Nov 23 02:42:49 +0000 2017,@278714 Is this happening when using certain apps or performing certain gestures? https://t.co/GDrqU22YpT,,,
910436,@AppleSupport Doesn't seem like they are at all. Approx. 30 mins now...,336250,Fri Oct 13 20:14:16 +0000 2017,"@336250 We're glad everything worked out! If anything comes up again, Please DM us and we'll continue together there. https://t.co/GDrqU22YpT",,,
935862,@AppleSupport All Apple clients want to be Samsung's now. These past updates suck! My battery lasts half a day only and it used to be 2 days,341867,Sat Oct 21 12:04:59 +0000 2017,@341867 We’d like to help however we can. Send us a DM with more details and we'll continue there. https://t.co/GDrqU22YpT,,,
229213,"@AppleSupport Thanks! 6S, 11.0.2",170664,Wed Oct 11 18:56:28 +0000 2017,"@170664 Got it. Next, can you please tell us how often does this issue occur?",,,
2281227,I️ just got the iPhone X and I’m still having the I️ problem get your shit together @115858,663117,Sat Nov 11 17:40:02 +0000 2017,"@663117 We just released an update, iOS 11.1.1. Have you yet updated to that one? Check at Settings &gt; General &gt; Software Update.

Remember to make sure you have a current backup before updating: https://t.co/4f8hwT5to6",,,
2817479,"@AppleSupport for a while now, even on 100% brightness, my 7 Plus sometimes suddenly ramps up the luminosity even more and it makes all the colors look washed out. What’s this?",785403,Sat Nov 11 13:45:27 +0000 2017,"@785403 We're more than happy to help you with this. First, we want to check a couple of settings. Do you have auto-brightness turned on in Settings &gt; General &gt; Accessibility &gt; Display Accommodations? Let us know in DM and we'll get started. https://t.co/GDrqU22YpT",,,
2547164,"@AppleSupport Disappointed in your customer service, and I say that as a long term customer with multiple products. I'm looking for solutions, but all I'm told is hand Apple your wallet. Chat rep casually ignored what I wrote and stuck to policy. #PotentialNewAndroidCustomerHere",723908,Thu Nov 16 07:49:40 +0000 2017,@723908 We'd like to look into this with you. Let's hop in DM. Click here: https://t.co/GDrqU22YpT,,,
1011785,"@AppleSupport When I’m playing music from Spotify, my phone doesn’t even acknowledge that Spotify is open and running",359399,Sat Oct 14 14:48:41 +0000 2017,"@359399 Please send us a DM and tell us which version of iOS you're running, and we'll help. Find that in Settings &gt; General &gt; About. https://t.co/GDrqU22YpT",,,
1644514,@AppleSupport No,502549,Mon Nov 06 03:07:40 +0000 2017,@502549 Meet us in DM and let us know what app or action proceeded those events please. https://t.co/GDrqU2kzhr,,,
2641744,@AppleSupport My iPhone 6 doesn´t work the Touch ID whit #iOS11  additionally the battery help me,745487,Tue Oct 31 01:18:36 +0000 2017,@745487 Let's partner together on this issue. Tell us more about what you're experiencing in DM. https://t.co/GDrqU22YpT,,,
2220945,@115858 I️.... WTF?,648666,Thu Nov 09 22:28:15 +0000 2017,"@648666 iOS 11.1.1 was recently released and it includes a fix for autocorrect issues. Be sure to back up your device prior to updating, and let us know if the issue persists afterwards. How to back up: https://t.co/4f8hwT5to6",,,
1247826,My biggest regret rn is updating the software on my phone 🙃 @115858 help,412766,Thu Oct 26 01:32:01 +0000 2017,@412766 That's not what we like to hear. We want to help you. What issue(s) are you experiencing?,,,
2287222,@AppleSupport Thank you. The screen remains black with absolutely no change in brightness. The only signs of life are the cooling fan turning on and the sleep indicator light which holds as a solid white,664541,Sun Nov 12 10:51:53 +0000 2017,@664541 Have you checked your brightness? Please use the brightness keys on your keyboard to see if the display brightens. Do you see a cursor on the black screen or is that not showing either?,,,
27331,@AppleSupport force touch for app multitask gone in iOS11 ?,121981,Mon Oct 02 12:34:59 +0000 2017,"@121981 That feature isn’t a part of iOS 11. We always enjoy hearing feedback. Please submit yours here:
https://t.co/oWzjJxkvlC",,,
1472771,@AppleSupport can y’all fix this bug that’s messing up my keyboard. Every time “i go to type the letter i” it DOESNT WORK HELLLLLP,461852,Fri Nov 03 00:35:08 +0000 2017,@461852 Let's meet in DM to discuss. We'll meet you there. https://t.co/GDrqU22YpT,,,
2127406,Is it me or is the new update of OS on mac book pro retina making it slow? #apple #macbookpro @115858,626380,Wed Nov 08 17:18:10 +0000 2017,@626380 Thanks for reaching out to us for support. We would love to help you. Please DM us so that we can look into this together. https://t.co/GDrqU22YpT,,,
396084,"iOS tells me that I have 27 GB free while it is also giving me a “Storage Full” alert. Which one is it @115858? 
CC: @AppleSupport",209779,Mon Oct 09 17:15:25 +0000 2017,"@209779 We'd be happy to look into this with you!  To begin, can you tell us exactly what the error message says?",,,
1924586,@AppleSupport yo fix your dumb ass shit every time I️ say “I️” it says that dumb question mark shit,572866,Thu Nov 16 12:13:48 +0000 2017,"@572866 The issue is resolved in the iOS 11.1.1 update. If you haven't yet, backup, update, and see if that helps. Check out this article for the steps: https://t.co/ahjigcvFRG",,,
2117237,@AppleSupport I worked this morning on both my phones. Thanks for reaching out!,624035,Wed Nov 08 19:18:41 +0000 2017,@624035 Great. You're welcome.,,,
1338985,@AppleSupport since the new iOS 11 update I can’t see my iCloud albums on my phone anymore? https://t.co/oECaeMgFP2,432330,Mon Oct 16 07:50:02 +0000 2017,@432330 We can assist you. Please DM us via the following link and we'll help you further. https://t.co/GDrqU22YpT,,,
2278505,That new @122986 pixel 2 looks real good right about now the way my iPhone is tripping. @AppleSupport #FixTheGlitch,662499,Fri Nov 10 17:21:16 +0000 2017,@662499 We'd like to help with any issues you're experiencing. Please let us know a bit more about what's going on.,,,
713357,@AppleSupport please fix your shit i have been dealing with problems for the entire week... @122609 here i come baby 😂,290621,Tue Oct 10 22:16:39 +0000 2017,@290621 We'd like to team up with you to help. What's the model you have and what's happening with it currently?,,,
1331960,@AppleSupport No that’s not an option,235492,Fri Oct 27 20:47:24 +0000 2017,"@235492 That's helpful, thanks for letting us know. When you have a chance, please check out the info here: https://t.co/rnB74M0zio",,,
2249899,@AppleSupport Vot iz Zis? https://t.co/YJTng3umqj,655550,Thu Oct 19 17:15:10 +0000 2017,@655550 We'll be glad to help. What device are you using to try to access iCloud or where are you seeing this message?,,,
320924,"All my messages are gone. @AppleSupport real cute, sis.",192459,Sat Oct 07 02:34:35 +0000 2017,"@192459 We'd like to help. From which device are your messages missing? Also, which software version are you using?",,,
1410802,@AppleSupport is there ever gonna be a fix for the last update that made my iPhone 6 Plus basically useless   No im not buying an X or an 8,447903,Thu Nov 02 00:16:56 +0000 2017,@447903 We can help. Send us a DM with your current iOS version to get started. https://t.co/GDrqU22YpT,,,
2452193,@AppleSupport is there an app or anyway to have your IPad’s Background wallpaper change every 1 or more minute like you can on a computer?,629994,Sun Oct 29 17:42:27 +0000 2017,"@629994 Thanks for reaching out to us, we are here for you. You can leave feedback on this page: https://t.co/eTPVYVFyd8",,,
886242,@AppleSupport Is there a way to get Live Photo’s on iPhone 5s?,117654,Fri Oct 20 21:30:24 +0000 2017,@117654 Great question. Live Photos is a feature of the iPhone 6s or later.,,,
2298926,@AppleSupport https://t.co/l3Ru3TeFA4,667300,Sun Nov 12 07:55:01 +0000 2017,@667300 We're here to help. Let us know what device model you're using and tell us more about the issue you have.,,,
382962,@AppleSupport when is my “I️” not going to autocorrect to something ridiculous?,206750,Sat Nov 04 06:35:42 +0000 2017,@206750 Let's get this sorted out together. Let us know if the steps in this article help: https://t.co/sDSg93LaFu DM us the results. https://t.co/GDrqU22YpT,,,
2065909,@AppleSupport how do you default the phone to be mobile?,610927,Thu Oct 19 01:15:30 +0000 2017,@610927 We're not sure we understand your question. What are you trying to do with your device?,,,
720522,Nice job @115858 erasing my notes till I did the #update FYI it #sucks. Freezing and email looks like cheap texts. Ugly font!,123379,Sun Oct 29 19:13:31 +0000 2017,"@123379 We'd like to look into this with you. DM us, and we can get started. https://t.co/GDrqU22YpT",,,
2008522,iPhone software is up to date and I have new emojis but I keep seeing the question mark box for other people posting emojis. @AppleSupport,593927,Sat Nov 04 10:27:43 +0000 2017,@593927 We certainly want to help take a look at this with you. Go ahead and DM us and tell us a little more about what you're seeing. https://t.co/GDrqU22YpT,,,
2322518,New iOS upgrade supposed to fix keyboard autocorrect problems. Worse than ever. Fix it #iPad @115858,672981,Mon Nov 13 08:15:02 +0000 2017,@672981 Thanks for reaching out to us. We are always happy to help. What's going on with your iPad after the update?,,,
2987189,@115858 My home button does not work. My phone battery lasts literally under 1 hour. Every update that you force makes my phone progressively worse. And you program your products to break intentionally to force me to buy another one. No more. Go to hell @115858,823651,Tue Nov 21 21:15:35 +0000 2017,"@823651 We want your iPhone to work as it should, and would love to help. Let's connect by DM so we can investigate this together. To begin, let us know the model of iPhone you're using, as well as the iOS version shown in Settings &gt; General &gt; About. https://t.co/GDrqU22YpT",,,
1579747,@AppleSupport My 6 Plus is virtually unusable after updating to iOS 11.1. When is the next patch coming out? 11.1 is awful. Help...,486426,Sat Nov 04 15:14:58 +0000 2017,@486426 We are here to help. DM us the details of your issue and we can take a look at this. https://t.co/GDrqU22YpT,,,
397525,@58893 @115858 Pissed,210126,Thu Nov 02 00:23:06 +0000 2017,@210126 We'd love to assist you with this issue. Click here to DM us the software version you're using. We'll pick up there: https://t.co/GDrqU22YpT,,,
1395094,@AppleSupport All on temp,444436,Sat Oct 28 15:27:15 +0000 2017,@444436 Thank you for checking. We'd like to look into this closer with you. Send us a DM and we can go from there. https://t.co/GDrqU22YpT,,,
2894709,"@AppleSupport The problem started after the update to the OS, currently the same has started working. This was not the case for the past few weeks...",802214,Tue Nov 28 15:59:53 +0000 2017,"@802214 Okay. Let's take a look at this article to see if it helps:
https://t.co/d4WKhnGwPr",,,
764908,@AppleSupport Yes! The screen has been non-responsive for the past 4 hours. I've tried everything that I can to fix it and nothing works,302817,Wed Oct 11 23:35:22 +0000 2017,@302817 Thanks for verifying that for us. We'd like to go ahead and further review this for you. Please DM us and we'll get started. https://t.co/GDrqU22YpT,,,
595783,@AppleSupport I have an iPhone locked with iCloud and I don't know the email and password also I can reach to the person who set up the iPhone when I buy it! can you help me please ):,261178,Sun Dec 03 18:25:41 +0000 2017,@261178 Thanks for reaching out.  We want to help.  You will have to have the previous owner unlock the phone.  Here is more information:  https://t.co/yFrcT36syx,,,
310593,@AppleSupport Version 11.0.2. I believe it’s the latest,190165,Sat Oct 07 04:56:51 +0000 2017,@190165 Got it. We have a few follow up questions. Could you meet with us in DM? https://t.co/GDrqU22YpT,,,
2473550,@115858 can you fix this already?????,707258,Wed Nov 15 04:09:57 +0000 2017,"@707258 We want your keyboard working for you; we'll do all we can to help. To start, we released iOS 11.1.1 which is meant to address this issue. If you haven't already, let's update with these steps: https://t.co/ahjigcvFRG",,,
1168852,@AppleSupport Mail app. Also having problem iMessaging pictures.,394936,Tue Oct 24 20:17:33 +0000 2017,"@394936 Which accounts do you use in Mail? Also, what issues are you having with pictures in iMessage? Let us know via DM. https://t.co/GDrqU2kzhr",,,
665750,@AppleSupport They’re not. They get turned on when airplane mode is turned off.,278585,Sat Nov 11 17:38:26 +0000 2017,"@278585 If you turn Airplane Mode on from the Settings app does Bluetooth and Wi-Fi also come back on? Are Bluetooth and Wi-Fi turned off through Settings, or through the Control Center as well?",,,
722465,"dear @115858, I wanted to make a complaint about the new iOS 11 update that you removed. Why did you remove the wishlist option on the appst!",292975,Fri Oct 06 11:06:55 +0000 2017,@292975 We have a great website where you can let your voice be heard. Head over to our Feedback site: https://t.co/eTPVYVFyd8,,,
845805,"@AppleSupport Yes i had. At some time i can swipe left to cam, but other time i cant. Do i always need to restart to activate swipe left cam?",321035,Wed Oct 18 23:46:32 +0000 2017,@321035 Do you notice this issue occurs after a certain period of time or accessing a particular app?,,,
766258,@AppleSupport No and yes.,303129,Wed Oct 11 22:05:53 +0000 2017,@303129 Got it. Go ahead and DM us some more details about the calling issues and we can work together on this.,,,
2900377,@AppleSupport There arent many options on the site provided. You say you dont have enough info to reset my questions....now I am locked out of managing my account,268858,Tue Nov 28 17:56:12 +0000 2017,@268858 We recommend contacting our Account Security team using this link:https://t.co/UJm15vmMM2 You can also use this article to find a number to call: https://t.co/mq28K5VwJP,,,
1582168,@AppleSupport is it possible to book an appointment at the Leeds store for a replacement charger on Monday?,487010,Sat Nov 04 15:59:25 +0000 2017,@487010 We can help. On which device are you needing to replace the charger? Would you like for us to set that up for you?,,,
1296303,@AppleSupport  need help it’s saying my Apple ID has been disabled need help,422993,Thu Oct 26 21:21:10 +0000 2017,@422993 We’ve received your DM and will continue there shortly. Thank you for your patience.,,,
1444471,"@AppleSupport Drops a % every 90 seconds to 2 minutes, sometimes 10% or more within seconds of switching apps. Battery meter fluctuates wildly at times.",455195,Thu Nov 02 17:29:27 +0000 2017,"@455195 Have you tried the steps in our article here?: https://t.co/bivpdfBNJ6 If so and that doesn't help, meet us in DM. https://t.co/GDrqU22YpT",,,
2834505,"@AppleSupport 👋🏻 yesterday I was listening some music for the first time on my 📱 X but after few minutes the device started to put hot in the back? It’s normal? I was using my Facebook at the same time, like always do in my other devices but never happened before.",509362,Mon Nov 27 07:31:55 +0000 2017,@509362 Let’s see what we can find out about your iPhone. Did the issue continue to happen or just when you first started using the Music app? We ask as this could be expected. Check out this article for reasons your iPhone might get warm: https://t.co/otCvUAaFQq,,,
1689348,@115858 I️ don’t know what went wrong but I️ am t I️ red of th I️ s sh I️ t. Please f I️ x I️ t.,512923,Mon Nov 06 17:56:04 +0000 2017,@512923 Here’s what you can do to work around the issue until it’s fixed in a future software update: https://t.co/qODbOsp4wz,,,
1767350,@AppleSupport Also if I’m just listening to music an click on Snapchat it will stop playing it’s annoying,531430,Wed Nov 08 03:44:52 +0000 2017,@531430 OK. Are you listening to music in Apple Music or another app? Does it resume once the notification goes away?,,,
673568,@AppleSupport should my Apple phone case really look like this after a couple months? 😡😡 https://t.co/TCGA5ZtiTy,280653,Thu Oct 05 13:30:18 +0000 2017,@280653 Thanks for reaching out. DM the country or region where you are currently located to get started. https://t.co/GDrqU22YpT,,,
848424,@AppleSupport It I.S still appearing as I.S as you can see.,321622,Thu Oct 19 21:55:27 +0000 2017,@321622 Let's take things to DM from here for our next steps. https://t.co/GDrqU22YpT,,,
2652519,"@AppleSupport been trying to sign into my Apple TV apps for two hours. Keeps telling me my Directv password is wrong. It’s not. What gives? And I’ve been on the phone with Directv already, no help there.",748074,Sun Nov 19 03:32:34 +0000 2017,@748074 No need to worry. We'll get you on the right track with setting up your channels. You would need to connect with our Apple TV experts for this concern. Click here: https://t.co/IBIY3vMgPj,,,
2179113,Nvm. You fucken suck @115858. My phones never been worse,638627,Thu Oct 19 04:25:04 +0000 2017,@638627 That's not the experience we want you to have. What's going on?,,,
2312090,"God dammit @AppleSupport , get I️ fixed !!!!!!!!",670519,Sun Nov 12 21:11:56 +0000 2017,"@670519 iOS 11.1.1 was recently released and it includes a fix for autocorrect issues. Be sure to back up your device prior to updating, and let us know if the issue persists afterwards. How to back up: https://t.co/4f8hwT5to6",,,
2562374,@AppleSupport don’t think this is supposed to happen with the Apple Watch? https://t.co/cWSwYoyxwq,506802,Thu Nov 16 16:46:07 +0000 2017,@506802 Thank you for reaching out! We'd like to help with this. Could you join us in DM and let us know which country you're located in? https://t.co/GDrqU22YpT,,,
1986603,@AppleSupport This battery is less than 6 months old and can’t keep a charge for 3 hours after your update.,588059,Wed Oct 18 20:31:20 +0000 2017,@588059 You can change auto brightness settings under Settings &gt; &gt; General &gt; Accessibility &gt; Display Accommodations.,,,
2008421,"@AppleSupport IOS 11.0.3 - One of buggy update ever - iPhone 7 - Screen freezes, No notification screen. Please fix it ASAP.",593896,Wed Oct 18 19:49:13 +0000 2017,@593896 We have received your DM. Look for a response from us there shortly. https://t.co/GDrqU22YpT,,,
1593272,Like wtf @AppleSupport what is this !!! https://t.co/7cEXyTBriO,253382,Sat Nov 04 21:48:58 +0000 2017,@253382 We'd like to help. Try out this work around until this issue is fixed in a future update: https://t.co/sDSg93LaFu,,,
1710690,Wtf @115858? Why are my i’s showing up as a question mark in a box!?,518237,Tue Nov 07 01:14:19 +0000 2017,@518237 Here’s what you can do to work around the issue until it’s fixed in a future software update: https://t.co/xXaXeeSRt9,,,
2132171,Is anyone else’s’ iPhones trippin and deleting when you’re trying to type a text out?! What’s going on @115858 @AppleSupport !?!?!,135485,Wed Nov 08 19:21:20 +0000 2017,@135485 We can assist you. Can you please describe in more detail what is taking place?,,,
661522,Hey @AppleSupport I changed my home button in my 7+ because it was malfunctioning and now it doesn't work at all. What's that about?,277622,Thu Nov 23 01:01:17 +0000 2017,@277622 Thanks for reaching out.  Did you have it replaced by an Apple Store or Apple Authorized Service Provider?,,,
2110940,Reason 462 that I hate my #iPhone: I can't even open my Mail app without it force closing. @115858,622689,Fri Nov 17 18:18:50 +0000 2017,@622689 We can help get your mail app working as expected. Is this the Apple Mail app or a third-party app?,,,
2520674,@115858  I’ve updated to the new version of IOS and I still see the question mark.. why is this still happening 🤷🏽‍♀️,717965,Thu Nov 16 01:01:22 +0000 2017,@717965 Thanks for reaching out to us. We'd be glad to help. Let's meet up in DM to see what we can do. https://t.co/GDrqU22YpT,,,
845545,My phone won’t stop glitching since I updated it. Thx a lot @115858,320985,Fri Oct 13 04:54:22 +0000 2017,@320985 Which iPhone model and iOS 11 version are you using? What type of glitching are you experiencing? We want to help!,,,
2040910,@AppleSupport - cannot verify iOS Beta 11.2; keep getting same error - cannot verify bc no WiFi connection.,350369,Tue Nov 07 23:36:24 +0000 2017,@350369 Thanks for reaching out. We want to get you in the right place. Let us know what country you are located in via DM. https://t.co/GDrqU22YpT,,,
2343683,@AppleSupport 8plus and the latest version,184804,Mon Nov 13 16:33:11 +0000 2017,"@184804 Just to confirm, if you go to Settings &gt; General &gt; About &gt; Version, do you see 11.1.1 there? 

Does the iPhone lock, even if it's after the set amount of time, or does it just stay unlocked?",,,
2618261,@AppleSupport Hi. Is vram resetting keys combination changed in macOS High Sierra? Mine is not functioning anymore.,739929,Fri Nov 17 09:53:31 +0000 2017,@739929 Hi there. That's a great question. The NVRAM key combination hasn't changed in macOS High Sierra. Let us know if this helps you: https://t.co/cDNw0NQDtm,,,
53540,"@AppleSupport Watch 4.1, Iphone 11.1..I restarted and re-enabled/disabled notifications via watch app.",128098,Wed Nov 01 19:17:13 +0000 2017,@128098 Let's next unpair and then pair them again. This article has the steps: https://t.co/UCuy0qGg07,,,
2949613,@AppleSupport hi do you have a complaint procedure please?,814578,Wed Nov 29 16:27:45 +0000 2017,@814578 Thanks for reaching out. We'd like to hear more. DM us with all the details and we'll go from there. https://t.co/GDrqU22YpT,,,
2404897,"Excuse me @116333, why is #Siri telling me #BlackFriday is on the 17th Nov? Does he/she know something we don’t?",691732,Tue Nov 14 14:54:25 +0000 2017,@691732 We'd like to take a closer look at this with you. Please join us in DM and we'll get started. https://t.co/GDrqU22YpT,,,
40472,So many bugs on this latest iPhone update. Get it together @115858,124874,Wed Nov 01 14:44:26 +0000 2017,"@124874 We're here to help. What issue(s) are you experiencing exactly? Also, what iOS version are you using?",,,
542388,"@AppleSupport @115858 hello, my iphone7plus keeps cutting out every few minutes and giving me this screen. Can you help? https://t.co/1nRQ994LyT",245884,Sat Dec 02 07:27:28 +0000 2017,@245884 We just released iOS 11.2 that should resolve the issue: https://t.co/osZOKKTalm Be sure and back up before updating. Let us know how it goes.,,,
1623819,So is it a coincidence or is it just me that my old phone and bew phone dont work with headphones @AppleSupport,497383,Sun Nov 05 12:12:59 +0000 2017,@497383 We'd love to take a look. Please DM us which device and software you’re using. https://t.co/GDrqU22YpT,,,
2280622,Muss ich den Portraitmodus irgendwie manuell einstellen? Der fehlt bei meinem Iphone. @AppleSupport,662965,Sat Nov 11 17:18:48 +0000 2017,@662965 We offer support via Twitter in English. Contact us for help in your preferred language here: https://t.co/IBIY3vMgPj,,,
460834,@AppleSupport No it just loads with the circle and does not download or add to my library. Ive tried to close the app and restart the phone it still wont work,224480,Fri Dec 01 01:51:45 +0000 2017,"@224480 If you try to play a song from the Apple Music library, does it play as expected? Are you currently connected to Wi-Fi or cellular? Also, do you have music downloaded to your iPhone for offline play?",,,
1689383,"@AppleSupport every single update after iPhone 8 and X  as been horrible, super disappointed phone freeze, restart himself and so many other",512935,Mon Nov 06 17:43:59 +0000 2017,@512935 We want to help. Please tell us more about this in DM. https://t.co/GDrqU22YpT,,,
1448102,@115858 @AppleSupport ios11 is very buggy. This happens often - the phone is locked but the lock screen loses all display. No time/music https://t.co/yZbv8lsr2z,456043,Thu Nov 02 14:50:52 +0000 2017,@456043 We're here to help. Please DM us which iOS software version you are using and we'll go from there. https://t.co/GDrqU22YpT,,,
2676500,Hmmmmm @115858 @AppleSupport this isn’t supported by my iPhone????? https://t.co/mwhF8hrLlu,245859,Tue Oct 31 12:05:41 +0000 2017,@245859 We’d like to see how we can help. Can you DM us some more details about the issue you're having? https://t.co/GDrqU22YpT,,,
2312565,@AppleSupport my phone dies too fast tbh,670648,Sun Nov 12 21:26:18 +0000 2017,@670648 We want to help. About how long does your battery last on a full charge? Are you using the cable and power adapter that came with your iPhone?,,,
1951722,"@115858 IOS 11- Calculator doesn't work properly, screen becomes dark after the call ends, takes time to turn on the torch. Fix it soon.",579609,Sun Oct 29 14:59:04 +0000 2017,"@579609 We're here for you. DM us your current iOS version you're running in Settings &gt; General &gt; About, and we'll go from there: https://t.co/GDrqU22YpT",,,
1681532,.@AppleSupport @115858 someone needs to fix this dang bug that’s causing my i’s to look like some weird thing I️,511222,Mon Nov 06 13:43:56 +0000 2017,@511222 Here’s what you can do to work around the issue until it’s fixed in a future software update: https://t.co/xXaXeeSRt9,,,
2313499,"@AppleSupport I just received an email, supposedly from Apple, saying I need to update my info because my Apple ID is blocked. It looks kind of weird... can you help me confirm if it’s actually from you? Thanks for the help!",261193,Sun Nov 12 22:10:32 +0000 2017,@261193 Thanks for reaching out. We'll be more than happy to look into this with you. Let's start by following the steps in this article to determine if the email is legitimate: https://t.co/LNMCdqt6fD DM us if you need further assistance. https://t.co/GDrqU22YpT,,,
1887764,Got home from tour to discover my @115858 macbook battery had exploded and blown the back cover right off. Thankfully nothing worse🔥 ☠️👎🏻👎🏻👎🏻 https://t.co/Xaa7Jvi6sQ,563021,Mon Oct 23 14:47:00 +0000 2017,@563021 We want to look into this with you. Please DM us which country you're in and we'll gather more details from you there. https://t.co/GDrqU22YpT,,,
2143314,WTF IS THIS I️ SHIT FUCKING FIX IT ALREADY @115858 GODDAMMIT! Fuck.,630149,Wed Nov 08 23:08:56 +0000 2017,@630149 here’s what you can do to work around the issue until it’s fixed in a future software update: https://t.co/xXaXeeSRt9,,,
1725693,Hey @AppleSupport can you please explain what this is? https://t.co/pqzexJSty4,521918,Tue Nov 07 03:06:52 +0000 2017,@521918 Here’s what you can do to work around the issue until it’s fixed in a future software update: https://t.co/xXaXeeSRt9,,,
1096906,Anyone else notice the new @AppleSupport iOS update keeps capitalizing everything in autocorrect? So annoying.,378846,Mon Oct 23 21:44:25 +0000 2017,@378846 We can look into this together. Can you tell us what iOS version you're using? Here's how to find it: https://t.co/ZTw54HL4Rm,,,
1508724,@AppleSupport Iphone 6 s,470188,Fri Nov 03 15:07:09 +0000 2017,"@470188 Thank you. DM us with more details, we want to be sure we do all we can to assist. https://t.co/GDrqU22YpT",,,
2229354,@AppleSupport Fixed now - rebooted with Command-V for verbose start and it came right up,297799,Fri Nov 10 16:06:12 +0000 2017,"@297799 We’re glad to hear that this was resolved. If you need anything else just message us again, we're here to help every day from 5 AM - 8 PM PDT.",,,
2943390,@115858 @AppleSupport My MacBook Pro Air 13 2014 crashing after Mac OS update. Display is dark unresponsive  can faintly see screen with flashlight.  unacceptable. I had to drop out online classes due to these software issues. Sleeping Beauty is been 90 days I'm ready to recycle,805180,Wed Nov 29 07:53:18 +0000 2017,"@805180 We'd like to see how we can help with your MacBook. Send us a DM with more information, and we'll continue from there. https://t.co/GDrqU22YpT",,,
1342772,"Yoooo @AppleSupport ever since the update my WiFi wants to work every now and then! Everything else in the house works, my phone doesn’t! https://t.co/FkzUM8byoF",433168,Mon Oct 16 10:07:28 +0000 2017,@433168 We're here to help. Can you give us some more details? Is it connected to your network and just not getting internet access?,,,
2276918,"@AppleSupport I think I am getting there, had to restore back to Sierra on a USB and in the process of updating my external hard drive with important files to then retry with the High Sierra install on my MacBook again! 🤦🏻‍♀️",662188,Sat Nov 11 18:08:31 +0000 2017,"@662188 That sounds like a plan! As long as you've got a backup, you should be good to go. If you run into any issues or concerns along the way, please let us know. Thanks.",,,
1196063,@AppleSupport #iphone #ios #iosupdate https://t.co/chXShYks5b,401034,Tue Oct 24 22:00:02 +0000 2017,@401034 We certainly want you to be able to enjoy your device. Go ahead and reach out to us in DM &amp; we'll continue there. https://t.co/GDrqU22YpT,,,
560476,What happen @115858? My iPhone and iPad are restarting every 30 sec... @AppleSupport what can I do? 🤔🤨😠😡🤬,251117,Sat Dec 02 22:10:33 +0000 2017,@251117 We want to help! Try these steps first: https://t.co/osZOKKTalm,,,
2770817,"@115858 Mac OS High Sierra is utterly slow in my mid 2014 iMac. I contacted the customer support @AppleSupport but they gave flop solutions, made it more worst, two minutes fifty five seconds for system booting. Disappointed apple customer #apple @118721 @AppleSupport",774567,Tue Nov 21 04:25:50 +0000 2017,@774567 We received your DM and will respond there shortly.,,,
925612,@AppleSupport iOS 11 is the worst work that Apple have ever done. Need to fix several issues immediately. New version turned iphone 7 into Nokia 3310.,390545,Tue Oct 24 14:06:00 +0000 2017,"@390545 We'd like to help! Send us a DM, and we'll continue there. https://t.co/GDrqU22YpT",,,
947864,Is there a way to have my wallpaper change periodically on iPhone 7 Plus 🤔🤔 @AppleSupport,344786,Sat Oct 21 16:23:28 +0000 2017,"@344786 Great question! For information on wallpaper on the Home and Lock screens, see this link: https://t.co/k2kMbVhHTV",,,
537626,@AppleSupport I'm having issues where my iPhone randomly shuts down and exits all applications after only 30 seconds of use... It's not turning off but it's having the same effect. Unsure of what's going on #sos,244620,Sat Dec 02 04:13:35 +0000 2017,@244620 We're happy to help. Which iOS version are you using on your iPhone?,,,
2296298,@AppleSupport can you tell me why the call ring tone is the general default tone rather than the one I have downloaded and had for years on my iPhone,320377,Sun Nov 12 16:24:03 +0000 2017,@320377 We'd love to help. Have you tried toggling the ringtone to see if that's still set up correctly?,,,
1615427,@115858 WTF I️ TYPED I,495457,Sun Nov 05 02:24:13 +0000 2017,"@495457 Let's get that corrected for you. If you haven't seen it already, please try the steps here: https://t.co/xU1AGHStV6",,,
905373,"@AppleSupport MacBook pro 13 2016 without touchbar(mll42)
have to charge it about 2 times more than before in a week",334936,Fri Oct 13 20:29:09 +0000 2017,@334936 Take a look at the Energy section of this article for additional insight into your usage: https://t.co/kzaiXKlBgn,,,
38866,"@AppleSupport No, and not that I know of.",124480,Wed Nov 01 19:03:32 +0000 2017,@124480 Let’s team up on this situation. Could you let us know more details via a DM? We’ll keep moving forward from there. https://t.co/GDrqU22YpT,,,
2363177,@AppleSupport 11% !! doesn't make sense &gt; : (,568424,Mon Nov 13 21:51:04 +0000 2017,"@568424 Got it. Can you provide the complete software version for the device from Settings &gt; General &gt; About, next to version? DM us the answer below. https://t.co/GDrqU22YpT",,,
1760211,@AppleSupport Tried that. It doesn't work.,529780,Wed Nov 08 00:50:32 +0000 2017,@529780 Let's have a look at this. Please DM us. https://t.co/GDrqU22YpT,,,
1747343,@AppleSupport ????????? https://t.co/PzaL5Teqpo,526753,Tue Nov 07 11:27:30 +0000 2017,@526753 We'd love to help. Which version of OS do you currently have installed? The version can be found in About This Mac.,,,
2783314,"@AppleSupport Hello, @UPSHelp is telling me there’s an iPhone holdup even though they have possession of the package. Can you verify this holdup and explain the delay for your shipping partner?",422109,Tue Nov 21 17:24:03 +0000 2017,@422109 We can look into it this with you. Reach out to our Online Sales Support team for more information: https://t.co/l9vC3IRh4z,,,
1224332,"@AppleSupport service centre service not good Case ID: 100245327127
Job number FDB2096541",407232,Fri Nov 03 16:48:35 +0000 2017,@407232 We'd like to find out more about your experience. Would you mind getting in touch with us in DM? https://t.co/GDrqU22YpT,,,
2280248,@AppleSupport Lol y'all replied while I was in the Apple Store getting it fixed. The issue was indeed that the battery was consumed.,603899,Sat Nov 11 23:05:08 +0000 2017,"@603899 We're glad to hear that you were able to get your iPhone's battery situation sorted out. Thanks for replying back and keeping us posted. 

As for the updating the iOS software, were you able to get that sorted out as well?",,,
1676210,@AppleSupport Still facing touch issues even after ios 11.1 installation. Never Expected that this kind of issue will arise in apple phones.,509905,Mon Nov 06 05:49:48 +0000 2017,@509905 We'll be happy to work with you in regards to the touch screen. Let's talk over in Direct Message. https://t.co/GDrqU22YpT,,,
2185395,@AppleSupport with iOS 11.1 I turn my Wi-Fi off from the control center and after a while it is back on (why?) and it doesn't connect to my home wireless network (also why?),154498,Thu Nov 09 06:10:09 +0000 2017,"@154498 Using the control center does not completely turn off the Wi-Fi connection, it disconnects temporarily. Here’s a link that'll help: https://t.co/G7BHuQnDS6

For your home network, does it connect if you go into Wi-Fi settings and select it?",,,
287446,"Hey @115858,  can you tell me why my iPhone 6 has slowed down and got glitchy after the most recent iOS update? #downdate",184501,Fri Oct 06 11:48:33 +0000 2017,@184501 This is not the experience we want you to have. Did the device slow down with iOS 11 or one of the more recent updates?,,,
2299814,Do iPhones directly from @115858 come unlocked or are they locked to a network? @AppleSupport,262091,Sun Nov 12 10:27:07 +0000 2017,"@262091 Our Online Sales Support would be best suited to assist you, you can reach them here:   https://t.co/K0222CJgiB",,,
593548,@AppleSupport my iPhone X arrived 16 days early and I am out of the country. I need more time to return my old device. Please advise,260541,Sun Dec 03 17:05:38 +0000 2017,@260541 We'd be happy to point you in the right direction. Please reach out to our Online Sales team for more details: https://t.co/8yjRd1Xo0i,,,
2708516,"@AppleSupport Why is Location Tracking of friends so unreliable in iOS 11? It used to be near real-time in past versions, but now it’s just a pain to use.",760596,Mon Nov 20 00:15:11 +0000 2017,"@760596 We know how important it is to locate your friends. We're happy to help with this. Is this occurring while you're using Find My Friends? Also, let us know which iPhone you have and the version of iOS 11 it's running.",,,
2122541,my phone keeps crashing pls stop @AppleSupport,196840,Wed Nov 08 10:39:50 +0000 2017,@196840 We want to help. Send us a DM and we'll go from there. https://t.co/GDrqU22YpT,,,
1857686,Once again the new iPhone update has had a detrimental effect on battery life @115858,555524,Thu Oct 19 08:43:11 +0000 2017,@555524 Having a reliable battery is important! Let us help with yours. DM us your exact iOS version. We'll continue from there. https://t.co/GDrqU22YpT,,,
2031586,"@AppleSupport Why do you keep switching on my Bluetooth? If I want it on, I’ll get it.",600727,Tue Nov 07 04:24:34 +0000 2017,@600727 We'd be happy to look into this with you more in detail.  Please reach out to us via DM and we'll get started. https://t.co/GDrqU22YpT,,,
1726255,@AppleSupport what’s with all these I️ symbols? Fix this please,522085,Tue Nov 07 03:16:56 +0000 2017,@522085 Here’s what you can do to work around the issue until it’s fixed in a future software update: https://t.co/qODbOsp4wz,,,
2241905,Dear @115858 please do something about the “I” problem. We all know how dear “i” is for #apple itself. #iphone #ipad #ipod #imac,653635,Fri Nov 10 02:47:31 +0000 2017,"@653635 We recently released an iOS update, 11.1.1, that contains a fix for autocorrect issues. Let’s be sure to back up your device prior to updating. How to back up: https://t.co/4f8hwT5to6",,,
1748720,@115858 so like when are y’all fixing this thing with the i’s cause I can’t live my life like this,527096,Tue Nov 07 13:02:27 +0000 2017,@527096 Here’s what you can do to work around the issue until it’s fixed in a future software update: https://t.co/xXaXeeSRt9,,,
1908217,Since @115858 released the 8/X/iOS 11. My iPhone6s has been crashing non stop and draining battery life like you read about 🤔 #thefixisin,568461,Wed Oct 25 17:13:13 +0000 2017,"@568461 We'd love to help you with what you're experiencing. First, when did you update to iOS 11.0.3? Please DM us your answer. https://t.co/GDrqU22YpT",,,
2412962,@AppleSupport @AppleSupport iphone 5s,693674,Thu Nov 16 14:43:28 +0000 2017,"@693674 We would love to help get your Wi-Fi option back up and functioning properly. Are you unable to turn Wi-Fi on using the Control Center, or through Settings? Is the option greyed out in Settings? Did this just become an issue for you after updating to iOS 11.1.1?",,,
2294646,I plugged my headphones in and there is literally elevator music playing for no apparent reason. What in the actual fuck @115858,666307,Sat Nov 11 22:26:10 +0000 2017,@666307 We're here to help. Any applications open? What iOS 11 version are you on?,,,
1905667,"my Mac was fine yesterday but when I turned it on today, half the screen wasn't working @115858",567857,Wed Oct 25 06:03:03 +0000 2017,@567857 We'd be happy to look into this with you in DM. Let us know which Mac you have &amp; if you've completed any troubleshooting already. https://t.co/GDrqU22YpT,,,
1346296,My headphones just broke you know like fullly snapped in half. @115858 I need to talk to a supervisor cos I’ve only had them for 2 months,433943,Mon Oct 16 11:42:33 +0000 2017,"@433943 That doesn't sound good! We'll do all we can to help. To start, what brand and model of headphones are these?",,,
1234319,"@AppleSupport It’s been spinning for half an hour before actual download, not able to download any app because of that reason. Tried doing one at a time",409512,Mon Oct 16 01:38:02 +0000 2017,@409512 Thanks for reaching out. We're here to help. DM us so we can look into this further with you. https://t.co/GDrqU22YpT,,,
1743622,@115858 @AppleSupport my phone is frozen and won't even turn off...fix it,525912,Tue Nov 07 05:29:43 +0000 2017,"@525912 We're glad to hear that it's been resolved! If you encounter any other issues, feel free to DM us: https://t.co/GDrqU22YpT",,,
1232495,@115858 hi! I updated the iOS and now my battery life only lasts half a day :/,409060,Wed Oct 25 21:14:51 +0000 2017,@409060 We're here for you. Can you let us know which version of the iOS you're running? Check from Settings &gt; General. &gt;About.,,,
2446375,@AppleSupport  https://t.co/8ZtWj1anzY,701331,Wed Nov 15 01:52:39 +0000 2017,"@701331 Yes, that is expected behavior if you are using two-factor authentication. Get more details and the proper steps here: https://t.co/n690Nqn5Sg",,,
2499359,"@AppleSupport every time i go to download Game Pigeon it tells me my account is disabled &amp; i need to reset it, but whenever i go to download other apps it lets me with out an issue. For some odd reason it just gives me a hard time when i try to download game pigeon 😐",684407,Wed Nov 15 18:09:32 +0000 2017,@684407 We'd like to gather some more information for better troubleshooting. Can you DM us the country you are located in? https://t.co/GDrqU22YpT,,,
1772152,@AppleSupport Thank you,512040,Wed Nov 08 02:04:22 +0000 2017,@512040 You are welcome! Please reach out anytime.,,,
2020683,The fuck is this I️ bullshit @115858,597588,Sun Nov 05 01:01:18 +0000 2017,@597588 We'd like to help. Check out our article here for assistance with this issue: https://t.co/uQeXsrrlXJ Questions? DM us. https://t.co/GDrqU22YpT,,,
2305914,"@AppleSupport iPhone 8, iOS 11.1.1",669002,Mon Nov 13 07:54:15 +0000 2017,"@669002 Awesome, thanks for sharing! Let's take a closer look at this issue together in DM. https://t.co/GDrqU22YpT",,,
1770129,@AppleSupport absolutely ridiculous trying to set up new iPhone/update to 11.1. Getting 'Unable to Verify Update' error all the time. 😡,433377,Tue Nov 07 22:26:16 +0000 2017,"@433377 Thank you for reaching out. So we can best isolate the cause, are you updating via Wi-Fi or iTunes?",,,
2054804,@AppleSupport My iPhone 6S and New iPad aren’t working seamlessly with iOS 11. Some minor bugs. Message notification shown but no new msg.,607713,Thu Oct 05 09:19:27 +0000 2017,@607713 Let's work together to figure out what's going on with your Notifications. Are both devices running iOS 11.0.2? DM us here: https://t.co/GDrqU22YpT,,,
2567042,I just! Want! To run! More than one goddamn application! At a time! Without my computer crashing! @AppleSupport is that too much to ask!!!!!!!!!!!,728180,Thu Nov 16 18:36:51 +0000 2017,@728180 We're here to help find the best solution. What software version are you currently on?,,,
956050,"My phone is fucking up completely, thanks @115858 🙄 Thanks a lot.",346846,Wed Oct 11 03:59:48 +0000 2017,@346846 We'd like to look into this with you. Can you tell us more about what's happening?,,,
2058196,"Not feeling the love with the latest @115858 iOS update, time for a @122986 pixel.",608717,Fri Oct 06 23:27:28 +0000 2017,@608717 Help is here. It would be our pleasure to address your concerns. Let's talk via DM. Please join us here and share a few details: https://t.co/GDrqU22YpT,,,
1410862,"@AppleSupport Good evening. Does Apple EarPods have a warranty? If I have to get my EarPods replaced or checked out, is there a fee?",169257,Wed Nov 01 22:48:20 +0000 2017,"@169257 Were they purchased on their own through us, or came with an Apple product?",,,
587093,@AppleSupport how i know my phone already backup?,253154,Sun Dec 03 10:57:38 +0000 2017,"@253154 Great question. If you've already backed up your iPhone, you'll find the steps to locate your backup here: https://t.co/vU7gSUiOfd",,,
2734403,@AppleSupport I restored my iCloud to my new iPhone but my photos didn’t com through,766382,Mon Nov 20 17:41:16 +0000 2017,@766382 Help is here! It may take a moment for your iCloud Photo Library to return after recovering an iCloud backup. Are you pictures visible on https://t.co/MdGttkkFL9 with a computer?,,,
1558837,@AppleSupport My @210685 gaming is affected cause of the bugs 😩 #ios111,481753,Fri Nov 03 13:55:08 +0000 2017,"@481753 Hey, what sort of issues are you experiencing, specifically? Let us know and we can work together.",,,
2734416,@AppleSupport OLED green ghosting seen when in low light conditions #iPhoneX https://t.co/Nu2qqv6OcO,766384,Mon Nov 20 06:12:13 +0000 2017,"@766384 We'd like to look into this with you. Are you seeing this issue with any specific apps or usage? Do you know what version of the iOS is on the device? If not, you can check under Settings &gt; General &gt; About &gt; Version. 

Let us know in Direct Message, and we'll help out. https://t.co/GDrqU22YpT",,,
617221,@115858 this how your I phone 7 is working I need solution for this.i have spends 70000 for this.😡😡!!! I need answer from u guys and that would asap. https://t.co/bn8vug7DRC,222729,Fri Nov 17 04:15:42 +0000 2017,"@222729 Thanks for reaching out, and for the video. We appreciate how important it is that your iPhone is working as expected, and are eager to help ensure it. When did you first notice this behavior? Has it happened more than once? If not, have you restarted since then?",,,
996768,@AppleSupport No. Safari doesn’t load up and neither does social media apps. And I can’t send out texts or calls. I also can’t receive notifications.,356034,Sun Oct 22 14:57:47 +0000 2017,"@356034 We'd like to confirm; while on Wi-Fi everything works perfectly. If you try to switch to cellular, all functions cease?",,,
1617860,And why the fuck is my iPhone 7 acting a fool I’ll buy the iPhone 8 when I️ feel like it ooookay @115858 ?!,496064,Sun Nov 05 03:28:40 +0000 2017,@496064 That's never the experience we want you to have. We'd be happy to see how we can help. What's going on?,,,
1745517,hey @115858 thanks for ruining my phone w the update. Hope your happy. https://t.co/PAR5DGfKee,526314,Tue Nov 07 06:47:40 +0000 2017,@526314 Here’s what you can do to work around the issue until it’s fixed in a future software update: https://t.co/xXaXeeSRt9,,,
157801,@AppleSupport The latest,152257,Fri Nov 24 17:39:15 +0000 2017,@152257 We'd like to look into this with you further. Let's meet in DM. https://t.co/GDrqU22YpT,,,
2585625,"@AppleSupport if I bought outright and in full iPhone X from your website, and selected T-Mobile as a carrier... is the phone unlocked?",326558,Thu Nov 16 23:46:28 +0000 2017,"@326558 Thanks for reaching out to us today. If purchased outright, the iPhone would be unlocked and it would still come with the carrier selected SIM card during purchase.",,,
2805986,"What’s happening to this one, @AppleSupport? After updating to 11.1.2, this happened to @115948. Every song I want to stream. Need help! https://t.co/USZw992CSg",770790,Wed Nov 22 02:56:55 +0000 2017,"@770790 We'd love to help! Does the same issue occur on Wi-Fi? Is it every song on this album, or every song at all?",,,
1592013,@AppleSupport THANK YOU SO MUCH!!!,489383,Sun Nov 05 01:01:42 +0000 2017,@489383 You're welcome! Have a great evening.,,,
1349241,@AppleSupport It can't move on 😭 https://t.co/5AAICm4rjV,434638,Fri Oct 27 14:58:25 +0000 2017,@434638 We'd like to help. Thanks for sharing the screenshot. DM us the iOS version you're using here: https://t.co/GDrqU22YpT,,,
2433695,"@AppleSupport #ios11 App Store continues downloading the app infinitely!!!! Very frustrating!!! Nothing happens, just loading!!!",404509,Sun Oct 29 07:24:27 +0000 2017,@404509 Let's get this resolved. Have you tried using both Wi-Fi and Cellular data? Let us know in DM. https://t.co/GDrqU22YpT,,,
1932776,"Times my iPhone froze before “ The Update “: 0

Times my iPhone has frozen since “ The update “: 6-7 times daily. 

🙃 @AppleSupport",575145,Wed Oct 18 15:01:18 +0000 2017,@575145 We'd like to help out. Send us a DM and tell us how you can get it working again. https://t.co/GDrqU22YpT,,,
1575933,MY APPLE MUSIC KEEPS CRASHING FIX IT. NOW @115858 @115948,485578,Sun Nov 26 03:12:30 +0000 2017,@485578 Let's look into this together. DM us and we'll go from there. https://t.co/GDrqU22YpT,,,
1659190,@67198 I’ve updated and it’s still a problem... what. the. fuck @115858 😡 instead I️ have a “I️” emoji 🙄,506221,Mon Nov 06 03:02:24 +0000 2017,@506221 Here’s what you can do to work around the issue until it’s fixed in a future software update: https://t.co/xXaXeeSRt9,,,
2012989,@AppleSupport why does apple maps suck so much on my iphone 6s,595215,Sun Nov 05 04:12:18 +0000 2017,@595215 We'd like to look into this with you. Send us a DM with details about the issue and also the iOS version installed. https://t.co/GDrqU22YpT,,,
1634602,so.. @115858 macOs high sierra seems broken... anyone experience this?,500036,Sun Nov 05 17:53:21 +0000 2017,@500036 We’d like to see how we can help. Can you DM us some more details about the issue you're having? https://t.co/GDrqU22YpT,,,
2896081,having major bug issues w/ the @318 app running 11.1.2. I use this app daily. 💀@AppleSupport @115858,802515,Tue Nov 28 16:35:26 +0000 2017,@802515 We're glad you took the time to reach out. We can definitely look into this with you. Can you tell us what's happening specifically? https://t.co/GDrqU22YpT,,,
2943362,@AppleSupport my friends iphone was stolen in Vietnam last night. Can we give you the IMEI to block it?,536634,Wed Nov 29 07:38:54 +0000 2017,"@536634 If that device had 'Find my iPhone' enabled, you can remotely lock that iPhone using these steps here: https://t.co/HZF9yw6v5b. Any blocks using the IMEI number would be handled by the phone's carrier. You'll also want to reach out to local law enforcement.",,,
